,stakes,offer,accept,year,stakes_1,stakes_2,stakes_3,stakes_4,percent_offer,wealth,moneyoffer,SR,C,IN,DaysW
0,200,50,1,2008,0,1,0,0,0.25,1,,0,0,1,0.5
1,200,5,1,2008,0,1,0,0,0.025,1,,0,0,1,0.05
2,20,2,0,2008,1,0,0,0,0.1,1,,0,0,1,0.02
3,200,5,0,2008,0,1,0,0,0.025,1,,0,0,1,0.05
4,2000,500,1,2008,0,0,1,0,0.25,1,,0,0,1,5
5,200,40,0,2008,0,1,0,0,0.2,1,,0,0,1,0.4
6,2000,500,1,2008,0,0,1,0,0.25,1,,0,0,1,5
7,200,1,0,2008,0,1,0,0,0.005,0,,0,0,1,0.01
8,2000,500,1,2008,0,0,1,0,0.25,1,,0,0,1,5
9,20,16,1,2008,1,0,0,0,0.8,1,,0,0,1,0.16
10,20,2,1,2008,1,0,0,0,0.1,1,,0,0,1,0.02
11,200,50,1,2008,0,1,0,0,0.25,1,,0,0,1,0.5
12,200,20,0,2008,0,1,0,0,0.1,1,,0,0,1,0.2
13,20,5,1,2008,1,0,0,0,0.25,1,,0,0,1,0.05
14,20,5,1,2008,1,0,0,0,0.25,1,,0,0,1,0.05
15,200,20,1,2008,0,1,0,0,0.1,1,,0,0,1,0.2
16,200,10,1,2008,0,1,0,0,0.05,0,,0,0,1,0.1
17,2000,1900,1,2008,0,0,1,0,0.95,0,,0,0,1,19
18,2000,100,1,2008,0,0,1,0,0.05,0,,0,0,1,1
19,20,5,1,2008,1,0,0,0,0.25,0,,0,0,1,0.05
20,2000,120,0,2008,0,0,1,0,0.06,0,,0,0,1,1.2
21,200,60,0,2008,0,1,0,0,0.3,0,,0,0,1,0.6
22,20,5,0,2008,1,0,0,0,0.25,0,,0,0,1,0.05
23,20,2,1,2008,1,0,0,0,0.1,0,,0,0,1,0.02
24,200,20,1,2008,0,1,0,0,0.1,0,,0,0,1,0.2
25,200,1,0,2008,0,1,0,0,0.005,0,,0,0,1,0.01
26,200,5,0,2008,0,1,0,0,0.025,0,,0,0,1,0.05
27,20,5,0,2008,1,0,0,0,0.25,0,,0,0,1,0.05
28,200,5,1,2008,0,1,0,0,0.025,0,,0,0,1,0.05
29,20,3,0,2008,1,0,0,0,0.15,0,,0,0,1,0.03
30,20,5,0,2008,1,0,0,0,0.25,0,,0,0,1,0.05
31,200,50,0,2008,0,1,0,0,0.25,0,,0,0,1,0.5
32,20,2,0,2008,1,0,0,0,0.1,0,,0,0,1,0.02
33,200,10,1,2008,0,1,0,0,0.05,1,,0,0,1,0.1
34,200,150,1,2008,0,1,0,0,0.75,1,,0,0,1,1.5
35,20,5,1,2008,1,0,0,0,0.25,1,,0,0,1,0.05
36,2000,250,1,2008,0,0,1,0,0.125,1,,0,0,1,2.5
37,20,6,1,2008,1,0,0,0,0.3,1,,0,0,1,0.06
38,20,5,1,2008,1,0,0,0,0.25,1,,0,0,1,0.05
39,200,20,0,2008,0,1,0,0,0.1,1,,0,0,1,0.2
40,2000,10,0,2008,0,0,1,0,0.005,1,,0,0,1,0.1
41,200,30,1,2008,0,1,0,0,0.15,1,,0,0,1,0.3
42,200,50,1,2008,0,1,0,0,0.25,1,,0,0,1,0.5
43,20,5,0,2008,1,0,0,0,0.25,1,,0,0,1,0.05
44,200,90,1,2008,0,1,0,0,0.45,1,,0,0,1,0.9
45,20,2,1,2008,1,0,0,0,0.1,1,,0,0,1,0.02
46,2000,300,0,2008,0,0,1,0,0.15,0,,0,0,1,3
47,20,2,0,2008,1,0,0,0,0.1,1,,0,0,1,0.02
48,20,2,0,2008,1,0,0,0,0.1,1,,0,0,1,0.02
49,2000,50,0,2008,0,0,1,0,0.025,1,,0,0,1,0.5
50,20,5,0,2008,1,0,0,0,0.25,1,,0,0,1,0.05
51,20,1,1,2008,1,0,0,0,0.05,1,,0,0,1,0.01
52,200,20,1,2008,0,1,0,0,0.1,0,,0,0,1,0.2
53,20,5,1,2008,1,0,0,0,0.25,1,,0,0,1,0.05
54,2000,100,1,2008,0,0,1,0,0.05,1,,0,0,1,1
55,2000,500,1,2008,0,0,1,0,0.25,1,,0,0,1,5
56,20,5,0,2008,1,0,0,0,0.25,1,,0,0,1,0.05
57,2000,50,0,2008,0,0,1,0,0.025,1,,0,0,1,0.5
58,200,100,1,2008,0,1,0,0,0.5,1,,0,0,1,1
59,200,50,0,2008,0,1,0,0,0.25,0,,0,0,1,0.5
60,200,2,0,2008,0,1,0,0,0.01,1,,0,0,1,0.02
61,2000,50,1,2008,0,0,1,0,0.025,1,,0,0,1,0.5
62,20,5,1,2008,1,0,0,0,0.25,1,,0,0,1,0.05
63,2000,550,1,2008,0,0,1,0,0.275,1,,0,0,1,5.5
64,200,10,1,2008,0,1,0,0,0.05,0,,0,0,1,0.1
65,20,1,1,2008,1,0,0,0,0.05,1,,0,0,1,0.01
66,20,5,0,2008,1,0,0,0,0.25,1,,0,0,1,0.05
67,200,50,1,2008,0,1,0,0,0.25,1,,0,0,1,0.5
68,20,5,0,2008,1,0,0,0,0.25,1,,0,0,1,0.05
69,20,2,1,2008,1,0,0,0,0.1,1,,0,0,1,0.02
70,200,50,1,2008,0,1,0,0,0.25,0,,0,0,1,0.5
71,20,5,1,2008,1,0,0,0,0.25,0,,0,0,1,0.05
72,200,50,1,2008,0,1,0,0,0.25,0,,0,0,1,0.5
73,200,10,0,2008,0,1,0,0,0.05,0,,0,0,1,0.1
74,2000,500,1,2008,0,0,1,0,0.25,0,,0,0,1,5
75,200,50,0,2008,0,1,0,0,0.25,0,,0,0,1,0.5
76,20,5,1,2008,1,0,0,0,0.25,0,,0,0,1,0.05
77,2000,250,1,2008,0,0,1,0,0.125,0,,0,0,1,2.5
78,2000,100,1,2008,0,0,1,0,0.05,0,,0,0,1,1
79,200,50,1,2008,0,1,0,0,0.25,0,,0,0,1,0.5
80,200,50,1,2008,0,1,0,0,0.25,0,,0,0,1,0.5
81,20,5,1,2008,1,0,0,0,0.25,0,,0,0,1,0.05
82,2000,500,1,2008,0,0,1,0,0.25,0,,0,0,1,5
83,20,5,1,2008,1,0,0,0,0.25,0,,0,0,1,0.05
84,2000,50,0,2008,0,0,1,0,0.025,0,,0,0,1,0.5
85,200,50,0,2008,0,1,0,0,0.25,0,,0,0,1,0.5
86,20,10,1,2008,1,0,0,0,0.5,0,,0,0,1,0.1
87,200,50,1,2008,0,1,0,0,0.25,0,,0,0,1,0.5
88,200,2,1,2008,0,1,0,0,0.01,1,,0,0,1,0.02
89,200,5,0,2008,0,1,0,0,0.025,1,,0,0,1,0.05
90,2000,300,1,2008,0,0,1,0,0.15,1,,0,0,1,3
91,2000,200,1,2008,0,0,1,0,0.1,1,,0,0,1,2
92,2000,1000,1,2008,0,0,1,0,0.5,1,,0,0,1,10
93,2000,1000,1,2008,0,0,1,0,0.5,1,,0,0,1,10
94,200,10,0,2008,0,1,0,0,0.05,1,,0,0,1,0.1
95,2000,100,1,2008,0,0,1,0,0.05,1,,0,0,1,1
96,20,1,1,2008,1,0,0,0,0.05,1,,0,0,1,0.01
97,20,5,1,2008,1,0,0,0,0.25,1,,0,0,1,0.05
98,20,5,1,2008,1,0,0,0,0.25,1,,0,0,1,0.05
99,200,100,1,2008,0,1,0,0,0.5,0,,0,0,1,1
100,20,5,1,2008,1,0,0,0,0.25,1,,0,0,1,0.05
101,20,5,1,2008,1,0,0,0,0.25,1,,0,0,1,0.05
102,200,60,1,2008,0,1,0,0,0.3,1,,0,0,1,0.6
103,20,15,1,2008,1,0,0,0,0.75,1,,0,0,1,0.15
104,200,20,1,2008,0,1,0,0,0.1,1,,0,0,1,0.2
105,200,10,1,2008,0,1,0,0,0.05,1,,0,0,1,0.1
106,200,20,1,2008,0,1,0,0,0.1,1,,0,0,1,0.2
107,2000,10,1,2008,0,0,1,0,0.005,1,,0,0,1,0.1
108,200,50,1,2008,0,1,0,0,0.25,1,,0,0,1,0.5
109,2000,2,1,2008,0,0,1,0,0.001,0,,0,0,1,0.02
110,2000,500,1,2008,0,0,1,0,0.25,1,,0,0,1,5
111,20,15,1,2008,1,0,0,0,0.75,1,,0,0,1,0.15
112,2000,500,0,2008,0,0,1,0,0.25,1,,0,0,1,5
113,20,5,1,2008,1,0,0,0,0.25,1,,0,0,1,0.05
114,20,5,1,2008,1,0,0,0,0.25,1,,0,0,1,0.05
115,200,20,1,2008,0,1,0,0,0.1,1,,0,0,1,0.2
116,20,1,1,2008,1,0,0,0,0.05,1,,0,0,1,0.01
117,20,10,1,2008,1,0,0,0,0.5,1,,0,0,1,0.1
118,200,20,1,2008,0,1,0,0,0.1,1,,0,0,1,0.2
119,2000,500,1,2008,0,0,1,0,0.25,0,,0,0,1,5
120,2000,500,1,2008,0,0,1,0,0.25,0,,0,0,1,5
121,2000,400,0,2008,0,0,1,0,0.2,0,,0,0,1,4
122,20,5,1,2008,1,0,0,0,0.25,0,,0,0,1,0.05
123,2000,150,1,2008,0,0,1,0,0.075,1,,0,0,1,1.5
124,20,5,0,2008,1,0,0,0,0.25,1,,0,0,1,0.05
125,2000,500,1,2008,0,0,1,0,0.25,1,,0,0,1,5
126,200,60,1,2008,0,1,0,0,0.3,1,,0,0,1,0.6
127,20,10,1,2008,1,0,0,0,0.5,1,,0,0,1,0.1
128,20,2,1,2008,1,0,0,0,0.1,1,,0,0,1,0.02
129,200,50,0,2008,0,1,0,0,0.25,1,,0,0,1,0.5
130,2000,100,1,2008,0,0,1,0,0.05,0,,0,0,1,1
131,200,50,0,2008,0,1,0,0,0.25,1,,0,0,1,0.5
132,20,5,0,2008,1,0,0,0,0.25,0,,0,0,1,0.05
133,20,6,0,2008,1,0,0,0,0.3,0,,0,0,1,0.06
134,200,50,1,2008,0,1,0,0,0.25,0,,0,0,1,0.5
135,20,8,0,2008,1,0,0,0,0.4,0,,0,0,1,0.08
136,2000,250,1,2008,0,0,1,0,0.125,0,,0,0,1,2.5
137,2000,100,0,2008,0,0,1,0,0.05,0,,0,0,1,1
138,2000,500,1,2008,0,0,1,0,0.25,0,,0,0,1,5
139,200,25,0,2008,0,1,0,0,0.125,0,,0,0,1,0.25
140,200,50,1,2008,0,1,0,0,0.25,0,,0,0,1,0.5
141,200,50,0,2008,0,1,0,0,0.25,0,,0,0,1,0.5
142,20,5,0,2008,1,0,0,0,0.25,0,,0,0,1,0.05
143,20,5,1,2008,1,0,0,0,0.25,0,,0,0,1,0.05
144,2000,500,0,2008,0,0,1,0,0.25,0,,0,0,1,5
145,200,40,1,2008,0,1,0,0,0.2,0,,0,0,1,0.4
146,2000,200,0,2008,0,0,1,0,0.1,0,,0,0,1,2
147,200,50,0,2008,0,1,0,0,0.25,0,,0,0,1,0.5
148,200,10,0,2008,0,1,0,0,0.05,1,,0,0,1,0.1
149,20,8,0,2008,1,0,0,0,0.4,1,,0,0,1,0.08
150,20,5,0,2008,1,0,0,0,0.25,1,,0,0,1,0.05
151,2000,500,1,2008,0,0,1,0,0.25,1,,0,0,1,5
152,20,3,0,2008,1,0,0,0,0.15,1,,0,0,1,0.03
153,200,70,0,2008,0,1,0,0,0.35,1,,0,0,1,0.7
154,200,50,1,2008,0,1,0,0,0.25,1,,0,0,1,0.5
155,2000,300,1,2008,0,0,1,0,0.15,1,,0,0,1,3
156,2000,200,0,2008,0,0,1,0,0.1,1,,0,0,1,2
157,20,10,1,2008,1,0,0,0,0.5,1,,0,0,1,0.1
158,20,5,1,2008,1,0,0,0,0.25,1,,0,0,1,0.05
159,20,5,1,2008,1,0,0,0,0.25,1,,0,0,1,0.05
160,2000,500,1,2008,0,0,1,0,0.25,1,,0,0,1,5
161,20,5,1,2008,1,0,0,0,0.25,1,,0,0,1,0.05
162,200,30,0,2008,0,1,0,0,0.15,1,,0,0,1,0.3
163,200,50,1,2008,0,1,0,0,0.25,1,,0,0,1,0.5
164,20,5,0,2008,1,0,0,0,0.25,1,,0,0,1,0.05
165,2000,500,1,2008,0,0,1,0,0.25,1,,0,0,1,5
166,20,5,0,2008,1,0,0,0,0.25,0,,0,0,1,0.05
167,20,5,1,2008,1,0,0,0,0.25,1,,0,0,1,0.05
168,200,50,0,2008,0,1,0,0,0.25,1,,0,0,1,0.5
169,2000,500,1,2008,0,0,1,0,0.25,1,,0,0,1,5
170,200,50,1,2008,0,1,0,0,0.25,1,,0,0,1,0.5
171,20,5,1,2008,1,0,0,0,0.25,1,,0,0,1,0.05
172,200,40,1,2008,0,1,0,0,0.2,1,,0,0,1,0.4
173,200,80,1,2008,0,1,0,0,0.4,1,,0,0,1,0.8
174,20,6,1,2008,1,0,0,0,0.3,1,,0,0,1,0.06
175,200,50,0,2008,0,1,0,0,0.25,1,,0,0,1,0.5
176,2000,200,0,2008,0,0,1,0,0.1,1,,0,0,1,2
177,20,5,0,2008,1,0,0,0,0.25,1,,0,0,1,0.05
178,20,5,0,2008,1,0,0,0,0.25,1,,0,0,1,0.05
179,200,40,1,2008,0,1,0,0,0.2,1,,0,0,1,0.4
180,200,40,1,2008,0,1,0,0,0.2,1,,0,0,1,0.4
181,200,40,0,2008,0,1,0,0,0.2,1,,0,0,1,0.4
182,200,30,0,2008,0,1,0,0,0.15,1,,0,0,1,0.3
183,2000,50,1,2008,0,0,1,0,0.025,1,,0,0,1,0.5
184,20,10,0,2008,1,0,0,0,0.5,1,,0,0,1,0.1
185,200,20,0,2008,0,1,0,0,0.1,1,,0,0,1,0.2
186,2000,50,0,2008,0,0,1,0,0.025,1,,0,0,1,0.5
187,20,2,1,2008,1,0,0,0,0.1,0,,0,0,1,0.02
188,2000,50,1,2008,0,0,1,0,0.025,0,,0,0,1,0.5
189,2000,500,0,2008,0,0,1,0,0.25,0,,0,0,1,5
190,200,80,1,2008,0,1,0,0,0.4,0,,0,0,1,0.8
191,200,50,1,2008,0,1,0,0,0.25,0,,0,0,1,0.5
192,20,5,1,2008,1,0,0,0,0.25,0,,0,0,1,0.05
193,200,50,1,2008,0,1,0,0,0.25,0,,0,0,1,0.5
194,20,5,1,2008,1,0,0,0,0.25,0,,0,0,1,0.05
195,200,20,1,2008,0,1,0,0,0.1,0,,0,0,1,0.2
196,20,5,1,2008,1,0,0,0,0.25,0,,0,0,1,0.05
197,20,2,0,2008,1,0,0,0,0.1,0,,0,0,1,0.02
198,200,1,0,2008,0,1,0,0,0.005,0,,0,0,1,0.01
199,2000,50,0,2008,0,0,1,0,0.025,0,,0,0,1,0.5
200,20,5,1,2008,1,0,0,0,0.25,0,,0,0,1,0.05
201,200,50,0,2008,0,1,0,0,0.25,0,,0,0,1,0.5
202,2000,100,1,2008,0,0,1,0,0.05,0,,0,0,1,1
203,20,5,1,2008,1,0,0,0,0.25,0,,0,0,1,0.05
204,20,5,0,2008,1,0,0,0,0.25,1,,0,0,1,0.05
205,20,5,1,2008,1,0,0,0,0.25,1,,0,0,1,0.05
206,20,5,0,2008,1,0,0,0,0.25,1,,0,0,1,0.05
207,20,5,1,2008,1,0,0,0,0.25,1,,0,0,1,0.05
208,20,5,0,2008,1,0,0,0,0.25,0,,0,0,1,0.05
209,2000,600,0,2008,0,0,1,0,0.3,1,,0,0,1,6
210,20,5,1,2008,1,0,0,0,0.25,1,,0,0,1,0.05
211,2000,150,1,2008,0,0,1,0,0.075,0,,0,0,1,1.5
212,200,50,0,2008,0,1,0,0,0.25,1,,0,0,1,0.5
213,200,60,0,2008,0,1,0,0,0.3,1,,0,0,1,0.6
214,20,5,0,2008,1,0,0,0,0.25,1,,0,0,1,0.05
215,20,2,0,2008,1,0,0,0,0.1,1,,0,0,1,0.02
216,20,5,0,2008,1,0,0,0,0.25,0,,0,0,1,0.05
217,20,2,1,2008,1,0,0,0,0.1,1,,0,0,1,0.02
218,200,50,0,2008,0,1,0,0,0.25,1,,0,0,1,0.5
219,2000,50,0,2008,0,0,1,0,0.025,1,,0,0,1,0.5
220,20,5,1,2008,1,0,0,0,0.25,1,,0,0,1,0.05
221,20,8,0,2008,1,0,0,0,0.4,1,,0,0,1,0.08
222,200,20,0,2008,0,1,0,0,0.1,1,,0,0,1,0.2
223,200,40,0,2008,0,1,0,0,0.2,1,,0,0,1,0.4
224,200,50,0,2008,0,1,0,0,0.25,1,,0,0,1,0.5
225,20,5,0,2008,1,0,0,0,0.25,1,,0,0,1,0.05
226,2000,30,0,2008,0,0,1,0,0.015,1,,0,0,1,0.3
227,200,50,1,2008,0,1,0,0,0.25,1,,0,0,1,0.5
228,20,5,0,2008,1,0,0,0,0.25,1,,0,0,1,0.05
229,20,1,0,2007,1,0,0,0,0.05,1,,0,0,1,0.01
230,20,1,0,2007,1,0,0,0,0.05,1,,0,0,1,0.01
231,20,1,1,2007,1,0,0,0,0.05,1,,0,0,1,0.01
232,20,2,0,2007,1,0,0,0,0.1,1,,0,0,1,0.02
233,20,2,0,2007,1,0,0,0,0.1,1,,0,0,1,0.02
234,20,2,0,2007,1,0,0,0,0.1,1,,0,0,1,0.02
235,20,2,0,2007,1,0,0,0,0.1,1,,0,0,1,0.02
236,20,2,0,2007,1,0,0,0,0.1,1,,0,0,1,0.02
237,20,2,1,2007,1,0,0,0,0.1,1,,0,0,1,0.02
238,20,2,1,2007,1,0,0,0,0.1,1,,0,0,1,0.02
239,20,2,1,2007,1,0,0,0,0.1,1,,0,0,1,0.02
240,20,2,1,2007,1,0,0,0,0.1,1,,0,0,1,0.02
241,20,2,1,2007,1,0,0,0,0.1,1,,0,0,1,0.02
242,20,3,0,2007,1,0,0,0,0.15,1,,0,0,1,0.03
243,20,3,1,2007,1,0,0,0,0.15,1,,0,0,1,0.03
244,20,4,1,2007,1,0,0,0,0.2,1,,0,0,1,0.04
245,20,4,1,2007,1,0,0,0,0.2,1,,0,0,1,0.04
246,20,4,1,2007,1,0,0,0,0.2,1,,0,0,1,0.04
247,20,4,1,2007,1,0,0,0,0.2,1,,0,0,1,0.04
248,20,5,0,2007,1,0,0,0,0.25,1,,0,0,1,0.05
249,20,5,0,2007,1,0,0,0,0.25,1,,0,0,1,0.05
250,20,5,0,2007,1,0,0,0,0.25,1,,0,0,1,0.05
251,20,5,0,2007,1,0,0,0,0.25,1,,0,0,1,0.05
252,20,5,0,2007,1,0,0,0,0.25,1,,0,0,1,0.05
253,20,5,0,2007,1,0,0,0,0.25,1,,0,0,1,0.05
254,20,5,1,2007,1,0,0,0,0.25,1,,0,0,1,0.05
255,20,5,1,2007,1,0,0,0,0.25,1,,0,0,1,0.05
256,20,5,1,2007,1,0,0,0,0.25,1,,0,0,1,0.05
257,20,5,1,2007,1,0,0,0,0.25,1,,0,0,1,0.05
258,20,5,1,2007,1,0,0,0,0.25,1,,0,0,1,0.05
259,20,5,1,2007,1,0,0,0,0.25,1,,0,0,1,0.05
260,20,5,1,2007,1,0,0,0,0.25,1,,0,0,1,0.05
261,20,5,1,2007,1,0,0,0,0.25,1,,0,0,1,0.05
262,20,5,1,2007,1,0,0,0,0.25,1,,0,0,1,0.05
263,20,5,1,2007,1,0,0,0,0.25,1,,0,0,1,0.05
264,20,7,0,2007,1,0,0,0,0.35,1,,0,0,1,0.07
265,20,8,1,2007,1,0,0,0,0.4,1,,0,0,1,0.08
266,20,8,1,2007,1,0,0,0,0.4,1,,0,0,1,0.08
267,20,10,1,2007,1,0,0,0,0.5,1,,0,0,1,0.1
268,20,10,1,2007,1,0,0,0,0.5,1,,0,0,1,0.1
269,20,10,1,2007,1,0,0,0,0.5,1,,0,0,1,0.1
270,20,10,1,2007,1,0,0,0,0.5,1,,0,0,1,0.1
271,20,10,1,2007,1,0,0,0,0.5,1,,0,0,1,0.1
272,20,10,1,2007,1,0,0,0,0.5,1,,0,0,1,0.1
273,20,10,1,2007,1,0,0,0,0.5,1,,0,0,1,0.1
274,20,1,0,2007,1,0,0,0,0.05,1,,0,0,1,0.01
275,20,1,0,2007,1,0,0,0,0.05,1,,0,0,1,0.01
276,20,1,0,2007,1,0,0,0,0.05,1,,0,0,1,0.01
277,20,1,0,2007,1,0,0,0,0.05,1,,0,0,1,0.01
278,20,1,0,2007,1,0,0,0,0.05,1,,0,0,1,0.01
279,20,1,1,2007,1,0,0,0,0.05,1,,0,0,1,0.01
280,20,1,1,2007,1,0,0,0,0.05,1,,0,0,1,0.01
281,20,1,1,2007,1,0,0,0,0.05,1,,0,0,1,0.01
282,20,1,1,2007,1,0,0,0,0.05,1,,0,0,1,0.01
283,20,2,0,2007,1,0,0,0,0.1,1,,0,0,1,0.02
284,20,2,0,2007,1,0,0,0,0.1,1,,0,0,1,0.02
285,20,2,0,2007,1,0,0,0,0.1,1,,0,0,1,0.02
286,20,2,0,2007,1,0,0,0,0.1,1,,0,0,1,0.02
287,20,2,0,2007,1,0,0,0,0.1,1,,0,0,1,0.02
288,20,2,1,2007,1,0,0,0,0.1,1,,0,0,1,0.02
289,20,2,1,2007,1,0,0,0,0.1,1,,0,0,1,0.02
290,20,2,1,2007,1,0,0,0,0.1,1,,0,0,1,0.02
291,20,2,1,2007,1,0,0,0,0.1,1,,0,0,1,0.02
292,20,2,1,2007,1,0,0,0,0.1,1,,0,0,1,0.02
293,20,2,1,2007,1,0,0,0,0.1,1,,0,0,1,0.02
294,20,2,1,2007,1,0,0,0,0.1,1,,0,0,1,0.02
295,20,2,1,2007,1,0,0,0,0.1,1,,0,0,1,0.02
296,20,2,1,2007,1,0,0,0,0.1,1,,0,0,1,0.02
297,20,2,1,2007,1,0,0,0,0.1,1,,0,0,1,0.02
298,20,3,0,2007,1,0,0,0,0.15,1,,0,0,1,0.03
299,20,3,0,2007,1,0,0,0,0.15,1,,0,0,1,0.03
300,20,3,0,2007,1,0,0,0,0.15,1,,0,0,1,0.03
301,20,3,1,2007,1,0,0,0,0.15,1,,0,0,1,0.03
302,20,3,1,2007,1,0,0,0,0.15,1,,0,0,1,0.03
303,20,4,0,2007,1,0,0,0,0.2,1,,0,0,1,0.04
304,20,4,1,2007,1,0,0,0,0.2,1,,0,0,1,0.04
305,20,4,1,2007,1,0,0,0,0.2,1,,0,0,1,0.04
306,20,5,0,2007,1,0,0,0,0.25,1,,0,0,1,0.05
307,20,5,0,2007,1,0,0,0,0.25,1,,0,0,1,0.05
308,20,5,0,2007,1,0,0,0,0.25,1,,0,0,1,0.05
309,20,5,0,2007,1,0,0,0,0.25,1,,0,0,1,0.05
310,20,5,0,2007,1,0,0,0,0.25,1,,0,0,1,0.05
311,20,5,0,2007,1,0,0,0,0.25,1,,0,0,1,0.05
312,20,5,0,2007,1,0,0,0,0.25,1,,0,0,1,0.05
313,20,5,1,2007,1,0,0,0,0.25,1,,0,0,1,0.05
314,20,5,1,2007,1,0,0,0,0.25,1,,0,0,1,0.05
315,20,5,1,2007,1,0,0,0,0.25,1,,0,0,1,0.05
316,20,5,1,2007,1,0,0,0,0.25,1,,0,0,1,0.05
317,20,5,1,2007,1,0,0,0,0.25,1,,0,0,1,0.05
318,20,5,1,2007,1,0,0,0,0.25,1,,0,0,1,0.05
319,20,5,1,2007,1,0,0,0,0.25,1,,0,0,1,0.05
320,20,5,1,2007,1,0,0,0,0.25,1,,0,0,1,0.05
321,20,5,1,2007,1,0,0,0,0.25,1,,0,0,1,0.05
322,20,5,1,2007,1,0,0,0,0.25,1,,0,0,1,0.05
323,20,5,1,2007,1,0,0,0,0.25,1,,0,0,1,0.05
324,20,5,1,2007,1,0,0,0,0.25,1,,0,0,1,0.05
325,20,5,1,2007,1,0,0,0,0.25,1,,0,0,1,0.05
326,20,5,1,2007,1,0,0,0,0.25,1,,0,0,1,0.05
327,20,5,1,2007,1,0,0,0,0.25,1,,0,0,1,0.05
328,20,5,1,2007,1,0,0,0,0.25,1,,0,0,1,0.05
329,20,5,1,2007,1,0,0,0,0.25,1,,0,0,1,0.05
330,20,5,1,2007,1,0,0,0,0.25,1,,0,0,1,0.05
331,20,7,1,2007,1,0,0,0,0.35,1,,0,0,1,0.07
332,20,10,1,2007,1,0,0,0,0.5,1,,0,0,1,0.1
333,20,10,1,2007,1,0,0,0,0.5,1,,0,0,1,0.1
334,20,10,1,2007,1,0,0,0,0.5,1,,0,0,1,0.1
335,20,10,1,2007,1,0,0,0,0.5,1,,0,0,1,0.1
336,20,10,1,2007,1,0,0,0,0.5,1,,0,0,1,0.1
337,20,10,1,2007,1,0,0,0,0.5,1,,0,0,1,0.1
338,20,10,1,2007,1,0,0,0,0.5,1,,0,0,1,0.1
339,20,15,0,2007,1,0,0,0,0.75,1,,0,0,1,0.15
340,20,19,1,2007,1,0,0,0,0.95,1,,0,0,1,0.19
341,200,10,0,2007,0,1,0,0,0.05,0,,0,0,1,0.1
342,200,10,0,2007,0,1,0,0,0.05,0,,0,0,1,0.1
343,200,10,1,2007,0,1,0,0,0.05,0,,0,0,1,0.1
344,200,10,1,2007,0,1,0,0,0.05,0,,0,0,1,0.1
345,200,20,0,2007,0,1,0,0,0.1,0,,0,0,1,0.2
346,200,20,1,2007,0,1,0,0,0.1,0,,0,0,1,0.2
347,200,20,1,2007,0,1,0,0,0.1,0,,0,0,1,0.2
348,200,20,1,2007,0,1,0,0,0.1,0,,0,0,1,0.2
349,200,20,1,2007,0,1,0,0,0.1,0,,0,0,1,0.2
350,200,20,1,2007,0,1,0,0,0.1,0,,0,0,1,0.2
351,200,30,0,2007,0,1,0,0,0.15,0,,0,0,1,0.3
352,200,30,1,2007,0,1,0,0,0.15,0,,0,0,1,0.3
353,200,30,1,2007,0,1,0,0,0.15,0,,0,0,1,0.3
354,200,30,1,2007,0,1,0,0,0.15,0,,0,0,1,0.3
355,200,40,1,2007,0,1,0,0,0.2,0,,0,0,1,0.4
356,200,40,1,2007,0,1,0,0,0.2,0,,0,0,1,0.4
357,200,50,1,2007,0,1,0,0,0.25,0,,0,0,1,0.5
358,200,50,1,2007,0,1,0,0,0.25,0,,0,0,1,0.5
359,200,10,0,2007,0,1,0,0,0.05,1,,0,0,1,0.1
360,200,10,0,2007,0,1,0,0,0.05,1,,0,0,1,0.1
361,200,10,0,2007,0,1,0,0,0.05,1,,0,0,1,0.1
362,200,10,1,2007,0,1,0,0,0.05,1,,0,0,1,0.1
363,200,20,0,2007,0,1,0,0,0.1,1,,0,0,1,0.2
364,200,20,0,2007,0,1,0,0,0.1,1,,0,0,1,0.2
365,200,20,0,2007,0,1,0,0,0.1,1,,0,0,1,0.2
366,200,20,0,2007,0,1,0,0,0.1,1,,0,0,1,0.2
367,200,20,0,2007,0,1,0,0,0.1,1,,0,0,1,0.2
368,200,20,0,2007,0,1,0,0,0.1,1,,0,0,1,0.2
369,200,20,1,2007,0,1,0,0,0.1,1,,0,0,1,0.2
370,200,20,1,2007,0,1,0,0,0.1,1,,0,0,1,0.2
371,200,20,1,2007,0,1,0,0,0.1,1,,0,0,1,0.2
372,200,30,0,2007,0,1,0,0,0.15,1,,0,0,1,0.3
373,200,30,0,2007,0,1,0,0,0.15,1,,0,0,1,0.3
374,200,30,1,2007,0,1,0,0,0.15,1,,0,0,1,0.3
375,200,30,1,2007,0,1,0,0,0.15,1,,0,0,1,0.3
376,200,40,1,2007,0,1,0,0,0.2,1,,0,0,1,0.4
377,200,40,1,2007,0,1,0,0,0.2,1,,0,0,1,0.4
378,200,50,0,2007,0,1,0,0,0.25,1,,0,0,1,0.5
379,200,50,1,2007,0,1,0,0,0.25,1,,0,0,1,0.5
380,200,50,1,2007,0,1,0,0,0.25,1,,0,0,1,0.5
381,200,50,1,2007,0,1,0,0,0.25,1,,0,0,1,0.5
382,2000,100,1,2007,0,0,1,0,0.05,0,,0,0,1,1
383,2000,100,1,2007,0,0,1,0,0.05,0,,0,0,1,1
384,2000,100,1,2007,0,0,1,0,0.05,0,,0,0,1,1
385,2000,100,1,2007,0,0,1,0,0.05,0,,0,0,1,1
386,2000,100,1,2007,0,0,1,0,0.05,0,,0,0,1,1
387,2000,100,1,2007,0,0,1,0,0.05,0,,0,0,1,1
388,2000,100,1,2007,0,0,1,0,0.05,0,,0,0,1,1
389,2000,200,1,2007,0,0,1,0,0.1,0,,0,0,1,2
390,2000,200,1,2007,0,0,1,0,0.1,0,,0,0,1,2
391,2000,200,1,2007,0,0,1,0,0.1,0,,0,0,1,2
392,2000,200,1,2007,0,0,1,0,0.1,0,,0,0,1,2
393,2000,200,1,2007,0,0,1,0,0.1,0,,0,0,1,2
394,2000,200,1,2007,0,0,1,0,0.1,0,,0,0,1,2
395,2000,200,1,2007,0,0,1,0,0.1,0,,0,0,1,2
396,2000,200,1,2007,0,0,1,0,0.1,0,,0,0,1,2
397,2000,200,1,2007,0,0,1,0,0.1,0,,0,0,1,2
398,2000,300,1,2007,0,0,1,0,0.15,0,,0,0,1,3
399,2000,300,1,2007,0,0,1,0,0.15,0,,0,0,1,3
400,2000,300,1,2007,0,0,1,0,0.15,0,,0,0,1,3
401,2000,400,1,2007,0,0,1,0,0.2,0,,0,0,1,4
402,2000,500,1,2007,0,0,1,0,0.25,0,,0,0,1,5
403,2000,500,1,2007,0,0,1,0,0.25,0,,0,0,1,5
404,2000,100,0,2007,0,0,1,0,0.05,1,,0,0,1,1
405,2000,100,0,2007,0,0,1,0,0.05,1,,0,0,1,1
406,2000,100,0,2007,0,0,1,0,0.05,1,,0,0,1,1
407,2000,100,0,2007,0,0,1,0,0.05,1,,0,0,1,1
408,2000,100,1,2007,0,0,1,0,0.05,1,,0,0,1,1
409,2000,100,1,2007,0,0,1,0,0.05,1,,0,0,1,1
410,2000,100,1,2007,0,0,1,0,0.05,1,,0,0,1,1
411,2000,100,1,2007,0,0,1,0,0.05,1,,0,0,1,1
412,2000,100,1,2007,0,0,1,0,0.05,1,,0,0,1,1
413,2000,100,1,2007,0,0,1,0,0.05,1,,0,0,1,1
414,2000,200,0,2007,0,0,1,0,0.1,1,,0,0,1,2
415,2000,200,0,2007,0,0,1,0,0.1,1,,0,0,1,2
416,2000,200,1,2007,0,0,1,0,0.1,1,,0,0,1,2
417,2000,200,1,2007,0,0,1,0,0.1,1,,0,0,1,2
418,2000,200,1,2007,0,0,1,0,0.1,1,,0,0,1,2
419,2000,200,1,2007,0,0,1,0,0.1,1,,0,0,1,2
420,2000,200,1,2007,0,0,1,0,0.1,1,,0,0,1,2
421,2000,200,1,2007,0,0,1,0,0.1,1,,0,0,1,2
422,2000,300,0,2007,0,0,1,0,0.15,1,,0,0,1,3
423,2000,300,0,2007,0,0,1,0,0.15,1,,0,0,1,3
424,2000,300,1,2007,0,0,1,0,0.15,1,,0,0,1,3
425,2000,300,1,2007,0,0,1,0,0.15,1,,0,0,1,3
426,2000,300,1,2007,0,0,1,0,0.15,1,,0,0,1,3
427,2000,400,1,2007,0,0,1,0,0.2,1,,0,0,1,4
428,2000,400,1,2007,0,0,1,0,0.2,1,,0,0,1,4
429,2000,500,0,2007,0,0,1,0,0.25,1,,0,0,1,5
430,2000,500,0,2007,0,0,1,0,0.25,1,,0,0,1,5
431,2000,500,1,2007,0,0,1,0,0.25,1,,0,0,1,5
432,2000,700,0,2007,0,0,1,0,0.35,1,,0,0,1,7
433,2000,1000,1,2007,0,0,1,0,0.5,1,,0,0,1,10
434,20000,1000,1,2007,0,0,0,1,0.05,0,,0,0,1,10
435,20000,1000,1,2007,0,0,0,1,0.05,0,,0,0,1,10
436,20000,1000,1,2007,0,0,0,1,0.05,0,,0,0,1,10
437,20000,1000,1,2007,0,0,0,1,0.05,0,,0,0,1,10
438,20000,1000,1,2007,0,0,0,1,0.05,0,,0,0,1,10
439,20000,1000,1,2007,0,0,0,1,0.05,0,,0,0,1,10
440,20000,2000,1,2007,0,0,0,1,0.1,0,,0,0,1,20
441,20000,2000,1,2007,0,0,0,1,0.1,0,,0,0,1,20
442,20000,3000,1,2007,0,0,0,1,0.15,0,,0,0,1,30
443,20000,3000,1,2007,0,0,0,1,0.15,0,,0,0,1,30
444,20000,5000,1,2007,0,0,0,1,0.25,0,,0,0,1,50
445,20000,10000,1,2007,0,0,0,1,0.5,0,,0,0,1,100
446,20000,1000,1,2007,0,0,0,1,0.05,1,,0,0,1,10
447,20000,1000,1,2007,0,0,0,1,0.05,1,,0,0,1,10
448,20000,1000,1,2007,0,0,0,1,0.05,1,,0,0,1,10
449,20000,1000,1,2007,0,0,0,1,0.05,1,,0,0,1,10
450,20000,1000,1,2007,0,0,0,1,0.05,1,,0,0,1,10
451,20000,1000,1,2007,0,0,0,1,0.05,1,,0,0,1,10
452,20000,2000,0,2007,0,0,0,1,0.1,1,,0,0,1,20
453,20000,2000,1,2007,0,0,0,1,0.1,1,,0,0,1,20
454,20000,2000,1,2007,0,0,0,1,0.1,1,,0,0,1,20
455,20000,4000,1,2007,0,0,0,1,0.2,1,,0,0,1,40
456,20000,5000,1,2007,0,0,0,1,0.25,1,,0,0,1,50
457,20000,6000,1,2007,0,0,0,1,0.3,1,,0,0,1,60
458,60,400,0,,1,0,0,,0.4,,24,1,0,0,0.1
459,60,500,1,,1,0,0,,0.5,,30,1,0,0,0.125
460,60,430,1,,1,0,0,,0.43,,25.800001,1,0,0,0.1075
461,60,500,1,,1,0,0,,0.5,,30,1,0,0,0.125
462,60,400,1,,1,0,0,,0.4,,24,1,0,0,0.1
463,60,475,0,,1,0,0,,0.475,,28.5,1,0,0,0.11875
464,60,500,1,,1,0,0,,0.5,,30,1,0,0,0.125
465,60,500,1,,1,0,0,,0.5,,30,1,0,0,0.125
466,60,515,1,,1,0,0,,0.515,,30.9,1,0,0,0.12875
467,60,500,1,,1,0,0,,0.5,,30,1,0,0,0.125
468,60,470,1,,1,0,0,,0.47,,28.2,1,0,0,0.1175
469,60,500,1,,1,0,0,,0.5,,30,1,0,0,0.125
470,60,400,1,,1,0,0,,0.4,,24,1,0,0,0.1
471,60,465,1,,1,0,0,,0.465,,27.9,1,0,0,0.11625
472,60,420,1,,1,0,0,,0.42,,25.199999,1,0,0,0.105
473,60,500,1,,1,0,0,,0.5,,30,1,0,0,0.125
474,60,500,1,,1,0,0,,0.5,,30,1,0,0,0.125
475,60,430,1,,1,0,0,,0.43,,25.800001,1,0,0,0.1075
476,60,400,1,,1,0,0,,0.4,,24,1,0,0,0.1
477,60,400,1,,1,0,0,,0.4,,24,1,0,0,0.1
478,60,400,1,,1,0,0,,0.4,,24,1,0,0,0.1
479,60,435,1,,1,0,0,,0.435,,26.1,1,0,0,0.10875
480,60,350,0,,1,0,0,,0.35,,21,1,0,0,0.0875
481,60,500,1,,1,0,0,,0.5,,30,1,0,0,0.125
482,60,470,1,,1,0,0,,0.47,,28.2,1,0,0,0.1175
483,60,500,1,,1,0,0,,0.5,,30,1,0,0,0.125
484,60,420,1,,1,0,0,,0.42,,25.199999,1,0,0,0.105
485,60,490,1,,1,0,0,,0.49,,29.400002,1,0,0,0.12250001
486,60,365,1,,1,0,0,,0.365,,21.900002,1,0,0,0.09125001
487,60,480,1,,1,0,0,,0.48,,28.8,1,0,0,0.12
488,60,500,1,,1,0,0,,0.5,,30,1,0,0,0.125
489,60,500,1,,1,0,0,,0.5,,30,1,0,0,0.125
490,60,550,0,,1,0,0,,0.55,,33,1,0,0,0.1375
491,60,400,0,,1,0,0,,0.4,,24,1,0,0,0.1
492,60,470,1,,1,0,0,,0.47,,28.2,1,0,0,0.1175
493,60,500,1,,1,0,0,,0.5,,30,1,0,0,0.125
494,60,380,1,,1,0,0,,0.38,,22.8,1,0,0,0.095
495,60,395,1,,1,0,0,,0.395,,23.7,1,0,0,0.09875
496,60,410,1,,1,0,0,,0.41,,24.6,1,0,0,0.1025
497,60,450,0,,1,0,0,,0.45,,27,1,0,0,0.1125
498,60,420,1,,1,0,0,,0.42,,25.199999,1,0,0,0.105
499,60,400,0,,1,0,0,,0.4,,24,1,0,0,0.1
500,60,425,1,,1,0,0,,0.425,,25.5,1,0,0,0.10625
501,60,300,0,,1,0,0,,0.3,,18,1,0,0,0.075
502,60,500,1,,1,0,0,,0.5,,30,1,0,0,0.125
503,60,455,1,,1,0,0,,0.455,,27.300001,1,0,0,0.11375
504,60,500,1,,1,0,0,,0.5,,30,1,0,0,0.125
505,60,500,1,,1,0,0,,0.5,,30,1,0,0,0.125
506,60,400,1,,1,0,0,,0.4,,24,1,0,0,0.1
507,60,500,1,,1,0,0,,0.5,,30,1,0,0,0.125
508,60,415,1,,1,0,0,,0.415,,24.9,1,0,0,0.10375
509,60,500,1,,1,0,0,,0.5,,30,1,0,0,0.125
510,60,250,1,,1,0,0,,0.25,,15,1,0,0,0.0625
511,60,480,1,,1,0,0,,0.48,,28.8,1,0,0,0.12
512,60,500,1,,1,0,0,,0.5,,30,1,0,0,0.125
513,60,500,1,,1,0,0,,0.5,,30,1,0,0,0.125
514,60,600,1,,1,0,0,,0.6,,36,1,0,0,0.15
515,60,450,1,,1,0,0,,0.45,,27,1,0,0,0.1125
516,60,430,0,,1,0,0,,0.43,,25.800001,1,0,0,0.1075
517,60,500,1,,1,0,0,,0.5,,30,1,0,0,0.125
518,60,380,1,,1,0,0,,0.38,,22.8,1,0,0,0.095
519,60,365,0,,1,0,0,,0.365,,21.900002,1,0,0,0.09125001
520,60,400,0,,1,0,0,,0.4,,24,1,0,0,0.1
521,60,500,1,,1,0,0,,0.5,,30,1,0,0,0.125
522,60,350,1,,1,0,0,,0.35,,21,1,0,0,0.0875
523,60,450,1,,1,0,0,,0.45,,27,1,0,0,0.1125
524,60,400,1,,1,0,0,,0.4,,24,1,0,0,0.1
525,60,340,1,,1,0,0,,0.34,,20.4,1,0,0,0.085
526,60,200,0,,1,0,0,,0.2,,12,1,0,0,0.05
527,60,500,1,,1,0,0,,0.5,,30,1,0,0,0.125
528,60,500,1,,1,0,0,,0.5,,30,1,0,0,0.125
529,60,500,1,,1,0,0,,0.5,,30,1,0,0,0.125
530,60,480,0,,1,0,0,,0.48,,28.8,1,0,0,0.12
531,60,500,1,,1,0,0,,0.5,,30,1,0,0,0.125
532,60,410,0,,1,0,0,,0.41,,24.6,1,0,0,0.1025
533,60,485,1,,1,0,0,,0.485,,29.1,1,0,0,0.12125
534,60,250,0,,1,0,0,,0.25,,15,1,0,0,0.0625
535,60,475,1,,1,0,0,,0.475,,28.5,1,0,0,0.11875
536,60,500,1,,1,0,0,,0.5,,30,1,0,0,0.125
537,60,500,1,,1,0,0,,0.5,,30,1,0,0,0.125
538,60,575,1,,1,0,0,,0.575,,34.5,1,0,0,0.14375
539,60,500,1,,1,0,0,,0.5,,30,1,0,0,0.125
540,60,470,0,,1,0,0,,0.47,,28.2,1,0,0,0.1175
541,60,500,1,,1,0,0,,0.5,,30,1,0,0,0.125
542,60,330,1,,1,0,0,,0.33,,19.800001,1,0,0,0.0825
543,60,370,0,,1,0,0,,0.37,,22.2,1,0,0,0.0925
544,60,400,1,,1,0,0,,0.4,,24,1,0,0,0.1
545,60,495,1,,1,0,0,,0.495,,29.7,1,0,0,0.12375
546,60,350,0,,1,0,0,,0.35,,21,1,0,0,0.0875
547,60,475,1,,1,0,0,,0.475,,28.5,1,0,0,0.11875
548,60,455,1,,1,0,0,,0.455,,27.300001,1,0,0,0.11375
549,60,350,1,,1,0,0,,0.35,,21,1,0,0,0.0875
550,60,300,0,,1,0,0,,0.3,,18,1,0,0,0.075
551,60,425,1,,1,0,0,,0.425,,25.5,1,0,0,0.10625
552,60,500,1,,1,0,0,,0.5,,30,1,0,0,0.125
553,60,250,1,,1,0,0,,0.25,,15,1,0,0,0.0625
554,60,500,1,,1,0,0,,0.5,,30,1,0,0,0.125
555,60,500,1,,1,0,0,,0.5,,30,1,0,0,0.125
556,60,420,1,,1,0,0,,0.42,,25.199999,1,0,0,0.105
557,60,490,1,,1,0,0,,0.49,,29.400002,1,0,0,0.12250001
558,60,335,0,,1,0,0,,0.335,,20.1,1,0,0,0.08375
559,60,470,0,,1,0,0,,0.47,,28.2,1,0,0,0.1175
560,60,500,1,,1,0,0,,0.5,,30,1,0,0,0.125
561,60,500,1,,1,0,0,,0.5,,30,1,0,0,0.125
562,60,550,1,,1,0,0,,0.55,,33,1,0,0,0.1375
563,60,400,1,,1,0,0,,0.4,,24,1,0,0,0.1
564,60,485,1,,1,0,0,,0.485,,29.1,1,0,0,0.12125
565,60,500,1,,1,0,0,,0.5,,30,1,0,0,0.125
566,60,250,0,,1,0,0,,0.25,,15,1,0,0,0.0625
567,60,390,1,,1,0,0,,0.39,,23.4,1,0,0,0.0975
568,60,400,1,,1,0,0,,0.4,,24,1,0,0,0.1
569,60,485,1,,1,0,0,,0.485,,29.1,1,0,0,0.12125
570,60,335,0,,1,0,0,,0.335,,20.1,1,0,0,0.08375
571,60,455,1,,1,0,0,,0.455,,27.300001,1,0,0,0.11375
572,60,455,1,,1,0,0,,0.455,,27.300001,1,0,0,0.11375
573,60,350,1,,1,0,0,,0.35,,21,1,0,0,0.0875
574,60,500,1,,1,0,0,,0.5,,30,1,0,0,0.125
575,60,520,1,,1,0,0,,0.52,,31.199999,1,0,0,0.13
576,60,500,1,,1,0,0,,0.5,,30,1,0,0,0.125
577,60,250,0,,1,0,0,,0.25,,15,1,0,0,0.0625
578,60,470,1,,1,0,0,,0.47,,28.2,1,0,0,0.1175
579,60,500,1,,1,0,0,,0.5,,30,1,0,0,0.125
580,60,420,1,,1,0,0,,0.42,,25.199999,1,0,0,0.105
581,60,500,1,,1,0,0,,0.5,,30,1,0,0,0.125
582,60,400,0,,1,0,0,,0.4,,24,1,0,0,0.1
583,60,475,1,,1,0,0,,0.475,,28.5,1,0,0,0.11875
584,60,500,1,,1,0,0,,0.5,,30,1,0,0,0.125
585,60,500,1,,1,0,0,,0.5,,30,1,0,0,0.125
586,60,550,1,,1,0,0,,0.55,,33,1,0,0,0.1375
587,60,350,1,,1,0,0,,0.35,,21,1,0,0,0.0875
588,60,485,1,,1,0,0,,0.485,,29.1,1,0,0,0.12125
589,60,500,1,,1,0,0,,0.5,,30,1,0,0,0.125
590,60,380,0,,1,0,0,,0.38,,22.8,1,0,0,0.095
591,60,380,0,,1,0,0,,0.38,,22.8,1,0,0,0.095
592,60,385,1,,1,0,0,,0.385,,23.099998,1,0,0,0.09624999
593,60,480,1,,1,0,0,,0.48,,28.8,1,0,0,0.12
594,60,420,0,,1,0,0,,0.42,,25.199999,1,0,0,0.105
595,60,470,1,,1,0,0,,0.47,,28.2,1,0,0,0.1175
596,60,400,1,,1,0,0,,0.4,,24,1,0,0,0.1
597,60,650,1,,1,0,0,,0.65,,39,1,0,0,0.1625
598,60,400,1,,1,0,0,,0.4,,24,1,0,0,0.1
599,60,450,1,,1,0,0,,0.45,,27,1,0,0,0.1125
600,60,500,1,,1,0,0,,0.5,,30,1,0,0,0.125
601,60,250,0,,1,0,0,,0.25,,15,1,0,0,0.0625
602,60,500,1,,1,0,0,,0.5,,30,1,0,0,0.125
603,60,500,1,,1,0,0,,0.5,,30,1,0,0,0.125
604,60,420,1,,1,0,0,,0.42,,25.199999,1,0,0,0.105
605,60,500,1,,1,0,0,,0.5,,30,1,0,0,0.125
606,60,335,1,,1,0,0,,0.335,,20.1,1,0,0,0.08375
607,60,470,1,,1,0,0,,0.47,,28.2,1,0,0,0.1175
608,60,500,1,,1,0,0,,0.5,,30,1,0,0,0.125
609,60,500,1,,1,0,0,,0.5,,30,1,0,0,0.125
610,60,550,1,,1,0,0,,0.55,,33,1,0,0,0.1375
611,60,600,1,,1,0,0,,0.6,,36,1,0,0,0.15
612,60,485,1,,1,0,0,,0.485,,29.1,1,0,0,0.12125
613,60,500,1,,1,0,0,,0.5,,30,1,0,0,0.125
614,60,500,1,,1,0,0,,0.5,,30,1,0,0,0.125
615,60,390,0,,1,0,0,,0.39,,23.4,1,0,0,0.0975
616,60,385,0,,1,0,0,,0.385,,23.099998,1,0,0,0.09624999
617,60,490,1,,1,0,0,,0.49,,29.400002,1,0,0,0.12250001
618,60,420,1,,1,0,0,,0.42,,25.199999,1,0,0,0.105
619,60,460,1,,1,0,0,,0.46,,27.6,1,0,0,0.115
620,60,400,1,,1,0,0,,0.4,,24,1,0,0,0.1
621,60,400,1,,1,0,0,,0.4,,24,1,0,0,0.1
622,60,375,1,,1,0,0,,0.375,,22.5,1,0,0,0.09375
623,60,500,1,,1,0,0,,0.5,,30,1,0,0,0.125
624,60,500,1,,1,0,0,,0.5,,30,1,0,0,0.125
625,60,500,1,,1,0,0,,0.5,,30,1,0,0,0.125
626,60,420,1,,1,0,0,,0.42,,25.199999,1,0,0,0.105
627,60,500,1,,1,0,0,,0.5,,30,1,0,0,0.125
628,60,420,1,,1,0,0,,0.42,,25.199999,1,0,0,0.105
629,60,485,1,,1,0,0,,0.485,,29.1,1,0,0,0.12125
630,60,335,1,,1,0,0,,0.335,,20.1,1,0,0,0.08375
631,60,475,1,,1,0,0,,0.475,,28.5,1,0,0,0.11875
632,60,500,1,,1,0,0,,0.5,,30,1,0,0,0.125
633,60,500,1,,1,0,0,,0.5,,30,1,0,0,0.125
634,60,550,1,,1,0,0,,0.55,,33,1,0,0,0.1375
635,60,300,0,,1,0,0,,0.3,,18,1,0,0,0.075
636,60,470,1,,1,0,0,,0.47,,28.2,1,0,0,0.1175
637,60,500,1,,1,0,0,,0.5,,30,1,0,0,0.125
638,60,450,1,,1,0,0,,0.45,,27,1,0,0,0.1125
639,60,395,1,,1,0,0,,0.395,,23.7,1,0,0,0.09875
640,60,400,0,,1,0,0,,0.4,,24,1,0,0,0.1
641,60,475,1,,1,0,0,,0.475,,28.5,1,0,0,0.11875
642,60,420,1,,1,0,0,,0.42,,25.199999,1,0,0,0.105
643,60,465,1,,1,0,0,,0.465,,27.9,1,0,0,0.11625
644,60,400,1,,1,0,0,,0.4,,24,1,0,0,0.1
645,60,350,0,,1,0,0,,0.35,,21,1,0,0,0.0875
646,60,400,1,,1,0,0,,0.4,,24,1,0,0,0.1
647,60,450,1,,1,0,0,,0.45,,27,1,0,0,0.1125
648,60,400,1,,1,0,0,,0.4,,24,1,0,0,0.1
649,60,500,1,,1,0,0,,0.5,,30,1,0,0,0.125
650,60,500,1,,1,0,0,,0.5,,30,1,0,0,0.125
651,60,500,1,,1,0,0,,0.5,,30,1,0,0,0.125
652,60,415,0,,1,0,0,,0.415,,24.9,1,0,0,0.10375
653,60,485,1,,1,0,0,,0.485,,29.1,1,0,0,0.12125
654,60,335,1,,1,0,0,,0.335,,20.1,1,0,0,0.08375
655,60,475,1,,1,0,0,,0.475,,28.5,1,0,0,0.11875
656,60,500,1,,1,0,0,,0.5,,30,1,0,0,0.125
657,60,500,1,,1,0,0,,0.5,,30,1,0,0,0.125
658,60,530,1,,1,0,0,,0.53,,31.8,1,0,0,0.1325
659,60,350,1,,1,0,0,,0.35,,21,1,0,0,0.0875
660,60,470,1,,1,0,0,,0.47,,28.2,1,0,0,0.1175
661,60,500,1,,1,0,0,,0.5,,30,1,0,0,0.125
662,60,400,0,,1,0,0,,0.4,,24,1,0,0,0.1
663,60,395,1,,1,0,0,,0.395,,23.7,1,0,0,0.09875
664,60,400,0,,1,0,0,,0.4,,24,1,0,0,0.1
665,60,470,1,,1,0,0,,0.47,,28.2,1,0,0,0.1175
666,60,420,1,,1,0,0,,0.42,,25.199999,1,0,0,0.105
667,60,450,1,,1,0,0,,0.45,,27,1,0,0,0.1125
668,60,400,1,,1,0,0,,0.4,,24,1,0,0,0.1
669,60,350,0,,1,0,0,,0.35,,21,1,0,0,0.0875
670,60,400,0,,1,0,0,,0.4,,24,1,0,0,0.1
671,60,510,1,,1,0,0,,0.51,,30.599998,1,0,0,0.1275
672,60,400,1,,1,0,0,,0.4,,24,1,0,0,0.1
673,60,500,1,,1,0,0,,0.5,,30,1,0,0,0.125
674,60,550,1,,1,0,0,,0.55,,33,1,0,0,0.1375
675,60,550,1,,1,0,0,,0.55,,33,1,0,0,0.1375
676,60,420,1,,1,0,0,,0.42,,25.199999,1,0,0,0.105
677,60,485,1,,1,0,0,,0.485,,29.1,1,0,0,0.12125
678,60,335,1,,1,0,0,,0.335,,20.1,1,0,0,0.08375
679,60,470,1,,1,0,0,,0.47,,28.2,1,0,0,0.1175
680,60,500,1,,1,0,0,,0.5,,30,1,0,0,0.125
681,60,500,1,,1,0,0,,0.5,,30,1,0,0,0.125
682,60,525,1,,1,0,0,,0.525,,31.499998,1,0,0,0.13125
683,60,350,1,,1,0,0,,0.35,,21,1,0,0,0.0875
684,60,470,1,,1,0,0,,0.47,,28.2,1,0,0,0.1175
685,60,400,0,,1,0,0,,0.4,,24,1,0,0,0.1
686,60,450,1,,1,0,0,,0.45,,27,1,0,0,0.1125
687,60,395,0,,1,0,0,,0.395,,23.7,1,0,0,0.09875
688,60,410,1,,1,0,0,,0.41,,24.6,1,0,0,0.1025
689,60,470,1,,1,0,0,,0.47,,28.2,1,0,0,0.1175
690,60,420,1,,1,0,0,,0.42,,25.199999,1,0,0,0.105
691,60,445,1,,1,0,0,,0.445,,26.699999,1,0,0,0.11125
692,60,400,1,,1,0,0,,0.4,,24,1,0,0,0.1
693,60,400,1,,1,0,0,,0.4,,24,1,0,0,0.1
694,60,400,1,,1,0,0,,0.4,,24,1,0,0,0.1
695,60,390,1,,1,0,0,,0.39,,23.4,1,0,0,0.0975
696,60,400,1,,1,0,0,,0.4,,24,1,0,0,0.1
697,60,500,1,,1,0,0,,0.5,,30,1,0,0,0.125
698,300,5,0,,0,1,0,,0.005,,1.5,1,0,0,0.00625
699,300,490,1,,0,1,0,,0.49,,147,1,0,0,0.6125
700,300,415,1,,0,1,0,,0.415,,124.5,1,0,0,0.51875
701,300,700,1,,0,1,0,,0.7,,210,1,0,0,0.875
702,300,500,1,,0,1,0,,0.5,,150,1,0,0,0.625
703,300,500,1,,0,1,0,,0.5,,150,1,0,0,0.625
704,300,300,1,,0,1,0,,0.3,,90,1,0,0,0.375
705,300,450,1,,0,1,0,,0.45,,135,1,0,0,0.5625
706,300,450,1,,0,1,0,,0.45,,135,1,0,0,0.5625
707,300,500,1,,0,1,0,,0.5,,150,1,0,0,0.625
708,300,420,1,,0,1,0,,0.42,,125.99999,1,0,0,0.525
709,300,500,1,,0,1,0,,0.5,,150,1,0,0,0.625
710,300,480,1,,0,1,0,,0.48,,144,1,0,0,0.6
711,300,550,1,,0,1,0,,0.55,,165,1,0,0,0.6875
712,300,500,1,,0,1,0,,0.5,,150,1,0,0,0.625
713,300,500,1,,0,1,0,,0.5,,150,1,0,0,0.625
714,300,460,1,,0,1,0,,0.46,,138,1,0,0,0.575
715,300,500,1,,0,1,0,,0.5,,150,1,0,0,0.625
716,300,335,1,,0,1,0,,0.335,,100.5,1,0,0,0.41875
717,300,370,1,,0,1,0,,0.37,,111,1,0,0,0.4625
718,300,400,1,,0,1,0,,0.4,,120,1,0,0,0.5
719,300,480,1,,0,1,0,,0.48,,144,1,0,0,0.6
720,300,470,1,,0,1,0,,0.47,,141,1,0,0,0.5875
721,300,490,1,,0,1,0,,0.49,,147,1,0,0,0.6125
722,300,500,1,,0,1,0,,0.5,,150,1,0,0,0.625
723,300,490,1,,0,1,0,,0.49,,147,1,0,0,0.6125
724,300,340,1,,0,1,0,,0.34,,102,1,0,0,0.425
725,300,500,1,,0,1,0,,0.5,,150,1,0,0,0.625
726,300,465,1,,0,1,0,,0.465,,139.5,1,0,0,0.58125
727,300,350,1,,0,1,0,,0.35,,105,1,0,0,0.4375
728,300,465,1,,0,1,0,,0.465,,139.5,1,0,0,0.58125
729,300,500,1,,0,1,0,,0.5,,150,1,0,0,0.625
730,300,500,1,,0,1,0,,0.5,,150,1,0,0,0.625
731,300,5,0,,0,1,0,,0.005,,1.5,1,0,0,0.00625
732,300,500,1,,0,1,0,,0.5,,150,1,0,0,0.625
733,300,430,1,,0,1,0,,0.43,,129,1,0,0,0.5375
734,300,600,1,,0,1,0,,0.6,,180,1,0,0,0.75
735,300,450,1,,0,1,0,,0.45,,135,1,0,0,0.5625
736,300,500,1,,0,1,0,,0.5,,150,1,0,0,0.625
737,300,335,0,,0,1,0,,0.335,,100.5,1,0,0,0.41875
738,300,450,1,,0,1,0,,0.45,,135,1,0,0,0.5625
739,300,550,1,,0,1,0,,0.55,,165,1,0,0,0.6875
740,300,500,1,,0,1,0,,0.5,,150,1,0,0,0.625
741,300,415,0,,0,1,0,,0.415,,124.5,1,0,0,0.51875
742,300,450,1,,0,1,0,,0.45,,135,1,0,0,0.5625
743,300,490,1,,0,1,0,,0.49,,147,1,0,0,0.6125
744,300,400,1,,0,1,0,,0.4,,120,1,0,0,0.5
745,300,500,1,,0,1,0,,0.5,,150,1,0,0,0.625
746,300,470,1,,0,1,0,,0.47,,141,1,0,0,0.5875
747,300,450,1,,0,1,0,,0.45,,135,1,0,0,0.5625
748,300,490,1,,0,1,0,,0.49,,147,1,0,0,0.6125
749,300,340,1,,0,1,0,,0.34,,102,1,0,0,0.425
750,300,390,1,,0,1,0,,0.39,,116.99999,1,0,0,0.48749998
751,300,350,1,,0,1,0,,0.35,,105,1,0,0,0.4375
752,300,480,1,,0,1,0,,0.48,,144,1,0,0,0.6
753,300,505,1,,0,1,0,,0.505,,151.5,1,0,0,0.63125
754,300,490,1,,0,1,0,,0.49,,147,1,0,0,0.6125
755,300,500,1,,0,1,0,,0.5,,150,1,0,0,0.625
756,300,430,1,,0,1,0,,0.43,,129,1,0,0,0.5375
757,300,330,1,,0,1,0,,0.33,,99.00001,1,0,0,0.41250002
758,300,500,1,,0,1,0,,0.5,,150,1,0,0,0.625
759,300,460,1,,0,1,0,,0.46,,138,1,0,0,0.575
760,300,350,1,,0,1,0,,0.35,,105,1,0,0,0.4375
761,300,400,1,,0,1,0,,0.4,,120,1,0,0,0.5
762,300,500,1,,0,1,0,,0.5,,150,1,0,0,0.625
763,300,500,1,,0,1,0,,0.5,,150,1,0,0,0.625
764,300,5,0,,0,1,0,,0.005,,1.5,1,0,0,0.00625
765,300,495,1,,0,1,0,,0.495,,148.5,1,0,0,0.61875
766,300,400,1,,0,1,0,,0.4,,120,1,0,0,0.5
767,300,500,1,,0,1,0,,0.5,,150,1,0,0,0.625
768,300,300,0,,0,1,0,,0.3,,90,1,0,0,0.375
769,300,500,1,,0,1,0,,0.5,,150,1,0,0,0.625
770,300,335,1,,0,1,0,,0.335,,100.5,1,0,0,0.41875
771,300,440,1,,0,1,0,,0.44,,132,1,0,0,0.55
772,300,535,1,,0,1,0,,0.535,,160.50002,1,0,0,0.66875005
773,300,500,1,,0,1,0,,0.5,,150,1,0,0,0.625
774,300,420,1,,0,1,0,,0.42,,125.99999,1,0,0,0.525
775,300,380,1,,0,1,0,,0.38,,114,1,0,0,0.475
776,300,460,1,,0,1,0,,0.46,,138,1,0,0,0.575
777,300,550,1,,0,1,0,,0.55,,165,1,0,0,0.6875
778,300,500,1,,0,1,0,,0.5,,150,1,0,0,0.625
779,300,450,1,,0,1,0,,0.45,,135,1,0,0,0.5625
780,300,360,1,,0,1,0,,0.36,,108.00001,1,0,0,0.45000002
781,300,485,1,,0,1,0,,0.485,,145.5,1,0,0,0.60625
782,300,300,1,,0,1,0,,0.3,,90,1,0,0,0.375
783,300,435,1,,0,1,0,,0.435,,130.5,1,0,0,0.54375
784,300,360,1,,0,1,0,,0.36,,108.00001,1,0,0,0.45000002
785,300,490,1,,0,1,0,,0.49,,147,1,0,0,0.6125
786,300,490,0,,0,1,0,,0.49,,147,1,0,0,0.6125
787,300,490,1,,0,1,0,,0.49,,147,1,0,0,0.6125
788,300,450,1,,0,1,0,,0.45,,135,1,0,0,0.5625
789,300,500,1,,0,1,0,,0.5,,150,1,0,0,0.625
790,300,310,1,,0,1,0,,0.31,,93,1,0,0,0.3875
791,300,500,1,,0,1,0,,0.5,,150,1,0,0,0.625
792,300,430,1,,0,1,0,,0.43,,129,1,0,0,0.5375
793,300,350,0,,0,1,0,,0.35,,105,1,0,0,0.4375
794,300,400,1,,0,1,0,,0.4,,120,1,0,0,0.5
795,300,500,1,,0,1,0,,0.5,,150,1,0,0,0.625
796,300,505,1,,0,1,0,,0.505,,151.5,1,0,0,0.63125
797,300,5,0,,0,1,0,,0.005,,1.5,1,0,0,0.00625
798,300,505,1,,0,1,0,,0.505,,151.5,1,0,0,0.63125
799,300,420,1,,0,1,0,,0.42,,125.99999,1,0,0,0.525
800,300,450,1,,0,1,0,,0.45,,135,1,0,0,0.5625
801,300,670,1,,0,1,0,,0.67,,201,1,0,0,0.8375
802,300,500,1,,0,1,0,,0.5,,150,1,0,0,0.625
803,300,335,1,,0,1,0,,0.335,,100.5,1,0,0,0.41875
804,300,440,1,,0,1,0,,0.44,,132,1,0,0,0.55
805,300,500,1,,0,1,0,,0.5,,150,1,0,0,0.625
806,300,500,1,,0,1,0,,0.5,,150,1,0,0,0.625
807,300,420,1,,0,1,0,,0.42,,125.99999,1,0,0,0.525
808,300,370,0,,0,1,0,,0.37,,111,1,0,0,0.4625
809,300,450,0,,0,1,0,,0.45,,135,1,0,0,0.5625
810,300,500,1,,0,1,0,,0.5,,150,1,0,0,0.625
811,300,500,1,,0,1,0,,0.5,,150,1,0,0,0.625
812,300,430,1,,0,1,0,,0.43,,129,1,0,0,0.5375
813,300,360,1,,0,1,0,,0.36,,108.00001,1,0,0,0.45000002
814,300,475,1,,0,1,0,,0.475,,142.5,1,0,0,0.59375
815,300,290,1,,0,1,0,,0.29,,87,1,0,0,0.3625
816,300,340,1,,0,1,0,,0.34,,102,1,0,0,0.425
817,300,300,1,,0,1,0,,0.3,,90,1,0,0,0.375
818,300,480,1,,0,1,0,,0.48,,144,1,0,0,0.6
819,300,520,1,,0,1,0,,0.52,,156,1,0,0,0.65
820,300,480,1,,0,1,0,,0.48,,144,1,0,0,0.6
821,300,400,1,,0,1,0,,0.4,,120,1,0,0,0.5
822,300,470,1,,0,1,0,,0.47,,141,1,0,0,0.5875
823,300,300,1,,0,1,0,,0.3,,90,1,0,0,0.375
824,300,500,1,,0,1,0,,0.5,,150,1,0,0,0.625
825,300,400,1,,0,1,0,,0.4,,120,1,0,0,0.5
826,300,400,1,,0,1,0,,0.4,,120,1,0,0,0.5
827,300,400,1,,0,1,0,,0.4,,120,1,0,0,0.5
828,300,500,1,,0,1,0,,0.5,,150,1,0,0,0.625
829,300,505,1,,0,1,0,,0.505,,151.5,1,0,0,0.63125
830,300,5,0,,0,1,0,,0.005,,1.5,1,0,0,0.00625
831,300,490,1,,0,1,0,,0.49,,147,1,0,0,0.6125
832,300,435,1,,0,1,0,,0.435,,130.5,1,0,0,0.54375
833,300,400,1,,0,1,0,,0.4,,120,1,0,0,0.5
834,300,550,1,,0,1,0,,0.55,,165,1,0,0,0.6875
835,300,500,1,,0,1,0,,0.5,,150,1,0,0,0.625
836,300,335,1,,0,1,0,,0.335,,100.5,1,0,0,0.41875
837,300,430,1,,0,1,0,,0.43,,129,1,0,0,0.5375
838,300,450,1,,0,1,0,,0.45,,135,1,0,0,0.5625
839,300,500,1,,0,1,0,,0.5,,150,1,0,0,0.625
840,300,395,0,,0,1,0,,0.395,,118.5,1,0,0,0.49375
841,300,420,1,,0,1,0,,0.42,,125.99999,1,0,0,0.525
842,300,470,1,,0,1,0,,0.47,,141,1,0,0,0.5875
843,300,400,1,,0,1,0,,0.4,,120,1,0,0,0.5
844,300,500,1,,0,1,0,,0.5,,150,1,0,0,0.625
845,300,415,1,,0,1,0,,0.415,,124.5,1,0,0,0.51875
846,300,350,1,,0,1,0,,0.35,,105,1,0,0,0.4375
847,300,470,1,,0,1,0,,0.47,,141,1,0,0,0.5875
848,300,290,0,,0,1,0,,0.29,,87,1,0,0,0.3625
849,300,340,0,,0,1,0,,0.34,,102,1,0,0,0.425
850,300,310,1,,0,1,0,,0.31,,93,1,0,0,0.3875
851,300,480,1,,0,1,0,,0.48,,144,1,0,0,0.6
852,300,500,1,,0,1,0,,0.5,,150,1,0,0,0.625
853,300,470,1,,0,1,0,,0.47,,141,1,0,0,0.5875
854,300,400,0,,0,1,0,,0.4,,120,1,0,0,0.5
855,300,500,1,,0,1,0,,0.5,,150,1,0,0,0.625
856,300,295,0,,0,1,0,,0.295,,88.49999,1,0,0,0.36874998
857,300,500,1,,0,1,0,,0.5,,150,1,0,0,0.625
858,300,370,1,,0,1,0,,0.37,,111,1,0,0,0.4625
859,300,400,1,,0,1,0,,0.4,,120,1,0,0,0.5
860,300,330,1,,0,1,0,,0.33,,99.00001,1,0,0,0.41250002
861,300,470,1,,0,1,0,,0.47,,141,1,0,0,0.5875
862,300,470,1,,0,1,0,,0.47,,141,1,0,0,0.5875
863,300,5,0,,0,1,0,,0.005,,1.5,1,0,0,0.00625
864,300,500,1,,0,1,0,,0.5,,150,1,0,0,0.625
865,300,410,1,,0,1,0,,0.41,,123,1,0,0,0.5125
866,300,400,1,,0,1,0,,0.4,,120,1,0,0,0.5
867,300,535,1,,0,1,0,,0.535,,160.50002,1,0,0,0.66875005
868,300,500,1,,0,1,0,,0.5,,150,1,0,0,0.625
869,300,335,0,,0,1,0,,0.335,,100.5,1,0,0,0.41875
870,300,420,1,,0,1,0,,0.42,,125.99999,1,0,0,0.525
871,300,470,1,,0,1,0,,0.47,,141,1,0,0,0.5875
872,300,500,1,,0,1,0,,0.5,,150,1,0,0,0.625
873,300,420,1,,0,1,0,,0.42,,125.99999,1,0,0,0.525
874,300,430,0,,0,1,0,,0.43,,129,1,0,0,0.5375
875,300,480,1,,0,1,0,,0.48,,144,1,0,0,0.6
876,300,400,0,,0,1,0,,0.4,,120,1,0,0,0.5
877,300,500,1,,0,1,0,,0.5,,150,1,0,0,0.625
878,300,400,0,,0,1,0,,0.4,,120,1,0,0,0.5
879,300,340,1,,0,1,0,,0.34,,102,1,0,0,0.425
880,300,465,1,,0,1,0,,0.465,,139.5,1,0,0,0.58125
881,300,290,0,,0,1,0,,0.29,,87,1,0,0,0.3625
882,300,395,1,,0,1,0,,0.395,,118.5,1,0,0,0.49375
883,300,280,1,,0,1,0,,0.28,,84,1,0,0,0.35
884,300,480,1,,0,1,0,,0.48,,144,1,0,0,0.6
885,300,515,1,,0,1,0,,0.515,,154.5,1,0,0,0.64375
886,300,460,1,,0,1,0,,0.46,,138,1,0,0,0.575
887,300,400,1,,0,1,0,,0.4,,120,1,0,0,0.5
888,300,470,1,,0,1,0,,0.47,,141,1,0,0,0.5875
889,300,295,1,,0,1,0,,0.295,,88.49999,1,0,0,0.36874998
890,300,500,1,,0,1,0,,0.5,,150,1,0,0,0.625
891,300,400,1,,0,1,0,,0.4,,120,1,0,0,0.5
892,300,400,0,,0,1,0,,0.4,,120,1,0,0,0.5
893,300,330,1,,0,1,0,,0.33,,99.00001,1,0,0,0.41250002
894,300,480,1,,0,1,0,,0.48,,144,1,0,0,0.6
895,300,500,1,,0,1,0,,0.5,,150,1,0,0,0.625
896,300,5,0,,0,1,0,,0.005,,1.5,1,0,0,0.00625
897,300,490,1,,0,1,0,,0.49,,147,1,0,0,0.6125
898,300,400,1,,0,1,0,,0.4,,120,1,0,0,0.5
899,300,100,0,,0,1,0,,0.1,,30,1,0,0,0.125
900,300,500,1,,0,1,0,,0.5,,150,1,0,0,0.625
901,300,500,1,,0,1,0,,0.5,,150,1,0,0,0.625
902,300,335,1,,0,1,0,,0.335,,100.5,1,0,0,0.41875
903,300,400,1,,0,1,0,,0.4,,120,1,0,0,0.5
904,300,485,1,,0,1,0,,0.485,,145.5,1,0,0,0.60625
905,300,500,1,,0,1,0,,0.5,,150,1,0,0,0.625
906,300,420,0,,0,1,0,,0.42,,125.99999,1,0,0,0.525
907,300,450,1,,0,1,0,,0.45,,135,1,0,0,0.5625
908,300,470,0,,0,1,0,,0.47,,141,1,0,0,0.5875
909,300,660,0,,0,1,0,,0.66,,198.00002,1,0,0,0.82500005
910,300,500,1,,0,1,0,,0.5,,150,1,0,0,0.625
911,300,430,1,,0,1,0,,0.43,,129,1,0,0,0.5375
912,300,340,1,,0,1,0,,0.34,,102,1,0,0,0.425
913,300,460,1,,0,1,0,,0.46,,138,1,0,0,0.575
914,300,300,1,,0,1,0,,0.3,,90,1,0,0,0.375
915,300,395,1,,0,1,0,,0.395,,118.5,1,0,0,0.49375
916,300,270,1,,0,1,0,,0.27,,81,1,0,0,0.3375
917,300,470,1,,0,1,0,,0.47,,141,1,0,0,0.5875
918,300,510,1,,0,1,0,,0.51,,153,1,0,0,0.6375
919,300,460,1,,0,1,0,,0.46,,138,1,0,0,0.575
920,300,400,1,,0,1,0,,0.4,,120,1,0,0,0.5
921,300,460,1,,0,1,0,,0.46,,138,1,0,0,0.575
922,300,300,0,,0,1,0,,0.3,,90,1,0,0,0.375
923,300,500,1,,0,1,0,,0.5,,150,1,0,0,0.625
924,300,370,1,,0,1,0,,0.37,,111,1,0,0,0.4625
925,300,360,1,,0,1,0,,0.36,,108.00001,1,0,0,0.45000002
926,300,400,1,,0,1,0,,0.4,,120,1,0,0,0.5
927,300,440,1,,0,1,0,,0.44,,132,1,0,0,0.55
928,300,440,1,,0,1,0,,0.44,,132,1,0,0,0.55
929,300,5,1,,0,1,0,,0.005,,1.5,1,0,0,0.00625
930,300,480,1,,0,1,0,,0.48,,144,1,0,0,0.6
931,300,420,1,,0,1,0,,0.42,,125.99999,1,0,0,0.525
932,300,500,1,,0,1,0,,0.5,,150,1,0,0,0.625
933,300,520,1,,0,1,0,,0.52,,156,1,0,0,0.65
934,300,500,1,,0,1,0,,0.5,,150,1,0,0,0.625
935,300,335,1,,0,1,0,,0.335,,100.5,1,0,0,0.41875
936,300,390,1,,0,1,0,,0.39,,116.99999,1,0,0,0.48749998
937,300,450,0,,0,1,0,,0.45,,135,1,0,0,0.5625
938,300,500,0,,0,1,0,,0.5,,150,1,0,0,0.625
939,300,420,1,,0,1,0,,0.42,,125.99999,1,0,0,0.525
940,300,440,1,,0,1,0,,0.44,,132,1,0,0,0.55
941,300,490,1,,0,1,0,,0.49,,147,1,0,0,0.6125
942,300,450,1,,0,1,0,,0.45,,135,1,0,0,0.5625
943,300,500,1,,0,1,0,,0.5,,150,1,0,0,0.625
944,300,430,1,,0,1,0,,0.43,,129,1,0,0,0.5375
945,300,270,1,,0,1,0,,0.27,,81,1,0,0,0.3375
946,300,450,1,,0,1,0,,0.45,,135,1,0,0,0.5625
947,300,300,1,,0,1,0,,0.3,,90,1,0,0,0.375
948,300,390,1,,0,1,0,,0.39,,116.99999,1,0,0,0.48749998
949,300,260,0,,0,1,0,,0.26,,78,1,0,0,0.325
950,300,480,1,,0,1,0,,0.48,,144,1,0,0,0.6
951,300,525,1,,0,1,0,,0.525,,157.5,1,0,0,0.65625
952,300,440,1,,0,1,0,,0.44,,132,1,0,0,0.55
953,300,400,1,,0,1,0,,0.4,,120,1,0,0,0.5
954,300,500,1,,0,1,0,,0.5,,150,1,0,0,0.625
955,300,305,0,,0,1,0,,0.305,,91.5,1,0,0,0.38125
956,300,500,1,,0,1,0,,0.5,,150,1,0,0,0.625
957,300,370,1,,0,1,0,,0.37,,111,1,0,0,0.4625
958,300,360,1,,0,1,0,,0.36,,108.00001,1,0,0,0.45000002
959,300,400,1,,0,1,0,,0.4,,120,1,0,0,0.5
960,300,440,1,,0,1,0,,0.44,,132,1,0,0,0.55
961,300,500,1,,0,1,0,,0.5,,150,1,0,0,0.625
962,300,5,0,,0,1,0,,0.005,,1.5,1,0,0,0.00625
963,300,480,1,,0,1,0,,0.48,,144,1,0,0,0.6
964,300,430,1,,0,1,0,,0.43,,129,1,0,0,0.5375
965,300,400,1,,0,1,0,,0.4,,120,1,0,0,0.5
966,300,500,1,,0,1,0,,0.5,,150,1,0,0,0.625
967,300,500,1,,0,1,0,,0.5,,150,1,0,0,0.625
968,300,335,0,,0,1,0,,0.335,,100.5,1,0,0,0.41875
969,300,350,1,,0,1,0,,0.35,,105,1,0,0,0.4375
970,300,500,1,,0,1,0,,0.5,,150,1,0,0,0.625
971,300,500,1,,0,1,0,,0.5,,150,1,0,0,0.625
972,300,420,1,,0,1,0,,0.42,,125.99999,1,0,0,0.525
973,300,420,1,,0,1,0,,0.42,,125.99999,1,0,0,0.525
974,300,490,1,,0,1,0,,0.49,,147,1,0,0,0.6125
975,300,450,1,,0,1,0,,0.45,,135,1,0,0,0.5625
976,300,500,1,,0,1,0,,0.5,,150,1,0,0,0.625
977,300,430,0,,0,1,0,,0.43,,129,1,0,0,0.5375
978,300,270,1,,0,1,0,,0.27,,81,1,0,0,0.3375
979,300,435,1,,0,1,0,,0.435,,130.5,1,0,0,0.54375
980,300,300,1,,0,1,0,,0.3,,90,1,0,0,0.375
981,300,380,1,,0,1,0,,0.38,,114,1,0,0,0.475
982,300,275,1,,0,1,0,,0.275,,82.5,1,0,0,0.34375
983,300,480,1,,0,1,0,,0.48,,144,1,0,0,0.6
984,300,505,1,,0,1,0,,0.505,,151.5,1,0,0,0.63125
985,300,435,1,,0,1,0,,0.435,,130.5,1,0,0,0.54375
986,300,350,1,,0,1,0,,0.35,,105,1,0,0,0.4375
987,300,460,1,,0,1,0,,0.46,,138,1,0,0,0.575
988,300,330,1,,0,1,0,,0.33,,99.00001,1,0,0,0.41250002
989,300,500,1,,0,1,0,,0.5,,150,1,0,0,0.625
990,300,370,1,,0,1,0,,0.37,,111,1,0,0,0.4625
991,300,360,1,,0,1,0,,0.36,,108.00001,1,0,0,0.45000002
992,300,400,0,,0,1,0,,0.4,,120,1,0,0,0.5
993,300,440,1,,0,1,0,,0.44,,132,1,0,0,0.55
994,300,350,1,,0,1,0,,0.35,,105,1,0,0,0.4375
995,300,5,0,,0,1,0,,0.005,,1.5,1,0,0,0.00625
996,300,500,1,,0,1,0,,0.5,,150,1,0,0,0.625
997,300,410,1,,0,1,0,,0.41,,123,1,0,0,0.5125
998,300,450,1,,0,1,0,,0.45,,135,1,0,0,0.5625
999,300,480,1,,0,1,0,,0.48,,144,1,0,0,0.6
1000,300,500,1,,0,1,0,,0.5,,150,1,0,0,0.625
1001,300,335,1,,0,1,0,,0.335,,100.5,1,0,0,0.41875
1002,300,335,1,,0,1,0,,0.335,,100.5,1,0,0,0.41875
1003,300,485,1,,0,1,0,,0.485,,145.5,1,0,0,0.60625
1004,300,500,1,,0,1,0,,0.5,,150,1,0,0,0.625
1005,300,420,1,,0,1,0,,0.42,,125.99999,1,0,0,0.525
1006,300,430,1,,0,1,0,,0.43,,129,1,0,0,0.5375
1007,300,500,1,,0,1,0,,0.5,,150,1,0,0,0.625
1008,300,700,1,,0,1,0,,0.7,,210,1,0,0,0.875
1009,300,500,1,,0,1,0,,0.5,,150,1,0,0,0.625
1010,300,500,1,,0,1,0,,0.5,,150,1,0,0,0.625
1011,300,270,1,,0,1,0,,0.27,,81,1,0,0,0.3375
1012,300,400,1,,0,1,0,,0.4,,120,1,0,0,0.5
1013,300,300,1,,0,1,0,,0.3,,90,1,0,0,0.375
1014,300,380,1,,0,1,0,,0.38,,114,1,0,0,0.475
1015,300,290,1,,0,1,0,,0.29,,87,1,0,0,0.3625
1016,300,470,1,,0,1,0,,0.47,,141,1,0,0,0.5875
1017,300,515,1,,0,1,0,,0.515,,154.5,1,0,0,0.64375
1018,300,430,1,,0,1,0,,0.43,,129,1,0,0,0.5375
1019,300,350,1,,0,1,0,,0.35,,105,1,0,0,0.4375
1020,300,500,1,,0,1,0,,0.5,,150,1,0,0,0.625
1021,300,330,1,,0,1,0,,0.33,,99.00001,1,0,0,0.41250002
1022,300,500,1,,0,1,0,,0.5,,150,1,0,0,0.625
1023,300,400,1,,0,1,0,,0.4,,120,1,0,0,0.5
1024,300,360,1,,0,1,0,,0.36,,108.00001,1,0,0,0.45000002
1025,300,400,1,,0,1,0,,0.4,,120,1,0,0,0.5
1026,300,470,1,,0,1,0,,0.47,,141,1,0,0,0.5875
1027,300,405,1,,0,1,0,,0.405,,121.5,1,0,0,0.50625
1028,1500,750,1,,0,0,1,,0.75,,1125,1,0,0,4.6875
1029,1500,250,1,,0,0,1,,0.25,,375,1,0,0,1.5625
1030,1500,400,0,,0,0,1,,0.4,,600,1,0,0,2.5
1031,1500,100,0,,0,0,1,,0.1,,150,1,0,0,0.625
1032,1500,400,1,,0,0,1,,0.4,,600,1,0,0,2.5
1033,1500,450,1,,0,0,1,,0.45,,675,1,0,0,2.8125
1034,1500,450,1,,0,0,1,,0.45,,675,1,0,0,2.8125
1035,1500,250,0,,0,0,1,,0.25,,375,1,0,0,1.5625
1036,1500,470,1,,0,0,1,,0.47,,705,1,0,0,2.9375
1037,1500,500,1,,0,0,1,,0.5,,750,1,0,0,3.125
1038,1500,500,1,,0,0,1,,0.5,,750,1,0,0,3.125
1039,1500,800,1,,0,0,1,,0.8,,1200,1,0,0,5
1040,1500,500,1,,0,0,1,,0.5,,750,1,0,0,3.125
1041,1500,410,1,,0,0,1,,0.41,,615,1,0,0,2.5625
1042,1500,500,1,,0,0,1,,0.5,,750,1,0,0,3.125
1043,1500,500,1,,0,0,1,,0.5,,750,1,0,0,3.125
1044,1500,410,1,,0,0,1,,0.41,,615,1,0,0,2.5625
1045,1500,400,1,,0,0,1,,0.4,,600,1,0,0,2.5
1046,1500,200,0,,0,0,1,,0.2,,300,1,0,0,1.25
1047,1500,500,1,,0,0,1,,0.5,,750,1,0,0,3.125
1048,1500,500,1,,0,0,1,,0.5,,750,1,0,0,3.125
1049,1500,435,1,,0,0,1,,0.435,,652.5,1,0,0,2.71875
1050,1500,460,1,,0,0,1,,0.46,,690,1,0,0,2.875
1051,1500,400,1,,0,0,1,,0.4,,600,1,0,0,2.5
1052,1500,500,1,,0,0,1,,0.5,,750,1,0,0,3.125
1053,1500,400,1,,0,0,1,,0.4,,600,1,0,0,2.5
1054,1500,100,1,,0,0,1,,0.1,,150,1,0,0,0.625
1055,1500,500,1,,0,0,1,,0.5,,750,1,0,0,3.125
1056,1500,500,1,,0,0,1,,0.5,,750,1,0,0,3.125
1057,1500,400,1,,0,0,1,,0.4,,600,1,0,0,2.5
1058,1500,460,1,,0,0,1,,0.46,,690,1,0,0,2.875
1059,1500,480,1,,0,0,1,,0.48,,720,1,0,0,3
1060,1500,250,1,,0,0,1,,0.25,,375,1,0,0,1.5625
1061,1500,465,1,,0,0,1,,0.465,,697.5,1,0,0,2.90625
1062,1500,580,1,,0,0,1,,0.58,,870,1,0,0,3.625
1063,1500,500,1,,0,0,1,,0.5,,750,1,0,0,3.125
1064,1500,670,1,,0,0,1,,0.67,,1005,1,0,0,4.1875
1065,1500,470,1,,0,0,1,,0.47,,705,1,0,0,2.9375
1066,1500,330,1,,0,0,1,,0.33,,495.00003,1,0,0,2.0625002
1067,1500,600,1,,0,0,1,,0.6,,900.00006,1,0,0,3.7500002
1068,1500,500,1,,0,0,1,,0.5,,750,1,0,0,3.125
1069,1500,400,1,,0,0,1,,0.4,,600,1,0,0,2.5
1070,1500,400,1,,0,0,1,,0.4,,600,1,0,0,2.5
1071,1500,200,0,,0,0,1,,0.2,,300,1,0,0,1.25
1072,1500,610,1,,0,0,1,,0.61,,915,1,0,0,3.8125
1073,1500,500,1,,0,0,1,,0.5,,750,1,0,0,3.125
1074,1500,500,1,,0,0,1,,0.5,,750,1,0,0,3.125
1075,1500,400,1,,0,0,1,,0.4,,600,1,0,0,2.5
1076,1500,400,1,,0,0,1,,0.4,,600,1,0,0,2.5
1077,1500,500,1,,0,0,1,,0.5,,750,1,0,0,3.125
1078,1500,400,1,,0,0,1,,0.4,,600,1,0,0,2.5
1079,1500,600,1,,0,0,1,,0.6,,900.00006,1,0,0,3.7500002
1080,1500,500,1,,0,0,1,,0.5,,750,1,0,0,3.125
1081,1500,500,1,,0,0,1,,0.5,,750,1,0,0,3.125
1082,1500,400,1,,0,0,1,,0.4,,600,1,0,0,2.5
1083,1500,400,1,,0,0,1,,0.4,,600,1,0,0,2.5
1084,1500,440,1,,0,0,1,,0.44,,660,1,0,0,2.75
1085,1500,250,0,,0,0,1,,0.25,,375,1,0,0,1.5625
1086,1500,460,1,,0,0,1,,0.46,,690,1,0,0,2.875
1087,1500,500,1,,0,0,1,,0.5,,750,1,0,0,3.125
1088,1500,500,1,,0,0,1,,0.5,,750,1,0,0,3.125
1089,1500,600,1,,0,0,1,,0.6,,900.00006,1,0,0,3.7500002
1090,1500,450,1,,0,0,1,,0.45,,675,1,0,0,2.8125
1091,1500,380,1,,0,0,1,,0.38,,570,1,0,0,2.375
1092,1500,600,1,,0,0,1,,0.6,,900.00006,1,0,0,3.7500002
1093,1500,500,1,,0,0,1,,0.5,,750,1,0,0,3.125
1094,1500,380,1,,0,0,1,,0.38,,570,1,0,0,2.375
1095,1500,400,1,,0,0,1,,0.4,,600,1,0,0,2.5
1096,1500,200,1,,0,0,1,,0.2,,300,1,0,0,1.25
1097,1500,345,1,,0,0,1,,0.345,,517.5,1,0,0,2.15625
1098,1500,500,1,,0,0,1,,0.5,,750,1,0,0,3.125
1099,1500,400,1,,0,0,1,,0.4,,600,1,0,0,2.5
1100,1500,400,1,,0,0,1,,0.4,,600,1,0,0,2.5
1101,1500,400,1,,0,0,1,,0.4,,600,1,0,0,2.5
1102,1500,500,1,,0,0,1,,0.5,,750,1,0,0,3.125
1103,1500,330,1,,0,0,1,,0.33,,495.00003,1,0,0,2.0625002
1104,1500,150,0,,0,0,1,,0.15,,225.00002,1,0,0,0.93750006
1105,1500,500,1,,0,0,1,,0.5,,750,1,0,0,3.125
1106,1500,500,1,,0,0,1,,0.5,,750,1,0,0,3.125
1107,1500,400,1,,0,0,1,,0.4,,600,1,0,0,2.5
1108,1500,420,1,,0,0,1,,0.42,,630,1,0,0,2.625
1109,1500,400,1,,0,0,1,,0.4,,600,1,0,0,2.5
1110,1500,500,1,,0,0,1,,0.5,,750,1,0,0,3.125
1111,1500,450,1,,0,0,1,,0.45,,675,1,0,0,2.8125
1112,1500,580,1,,0,0,1,,0.58,,870,1,0,0,3.625
1113,1500,500,1,,0,0,1,,0.5,,750,1,0,0,3.125
1114,1500,730,1,,0,0,1,,0.73,,1095,1,0,0,4.5625
1115,1500,400,1,,0,0,1,,0.4,,600,1,0,0,2.5
1116,1500,200,1,,0,0,1,,0.2,,300,1,0,0,1.25
1117,1500,500,1,,0,0,1,,0.5,,750,1,0,0,3.125
1118,1500,500,1,,0,0,1,,0.5,,750,1,0,0,3.125
1119,1500,370,1,,0,0,1,,0.37,,555,1,0,0,2.3125
1120,1500,400,1,,0,0,1,,0.4,,600,1,0,0,2.5
1121,1500,200,0,,0,0,1,,0.2,,300,1,0,0,1.25
1122,1500,710,1,,0,0,1,,0.71,,1065,1,0,0,4.4375
1123,1500,500,1,,0,0,1,,0.5,,750,1,0,0,3.125
1124,1500,370,1,,0,0,1,,0.37,,555,1,0,0,2.3125
1125,1500,400,1,,0,0,1,,0.4,,600,1,0,0,2.5
1126,1500,400,1,,0,0,1,,0.4,,600,1,0,0,2.5
1127,1500,500,1,,0,0,1,,0.5,,750,1,0,0,3.125
1128,1500,250,1,,0,0,1,,0.25,,375,1,0,0,1.5625
1129,1500,400,1,,0,0,1,,0.4,,600,1,0,0,2.5
1130,1500,500,1,,0,0,1,,0.5,,750,1,0,0,3.125
1131,1500,400,1,,0,0,1,,0.4,,600,1,0,0,2.5
1132,1500,400,1,,0,0,1,,0.4,,600,1,0,0,2.5
1133,1500,410,1,,0,0,1,,0.41,,615,1,0,0,2.5625
1134,1500,430,1,,0,0,1,,0.43,,645,1,0,0,2.6875
1135,1500,500,1,,0,0,1,,0.5,,750,1,0,0,3.125
1136,1500,440,0,,0,0,1,,0.44,,660,1,0,0,2.75
1137,1500,500,1,,0,0,1,,0.5,,750,1,0,0,3.125
1138,1500,500,1,,0,0,1,,0.5,,750,1,0,0,3.125
1139,1500,500,1,,0,0,1,,0.5,,750,1,0,0,3.125
1140,1500,400,1,,0,0,1,,0.4,,600,1,0,0,2.5
1141,1500,270,0,,0,0,1,,0.27,,405.00003,1,0,0,1.6875001
1142,1500,500,1,,0,0,1,,0.5,,750,1,0,0,3.125
1143,1500,500,1,,0,0,1,,0.5,,750,1,0,0,3.125
1144,1500,370,1,,0,0,1,,0.37,,555,1,0,0,2.3125
1145,1500,400,1,,0,0,1,,0.4,,600,1,0,0,2.5
1146,1500,200,1,,0,0,1,,0.2,,300,1,0,0,1.25
1147,1500,240,0,,0,0,1,,0.24,,360,1,0,0,1.5
1148,1500,500,1,,0,0,1,,0.5,,750,1,0,0,3.125
1149,1500,335,1,,0,0,1,,0.335,,502.5,1,0,0,2.09375
1150,1500,400,1,,0,0,1,,0.4,,600,1,0,0,2.5
1151,1500,400,1,,0,0,1,,0.4,,600,1,0,0,2.5
1152,1500,500,1,,0,0,1,,0.5,,750,1,0,0,3.125
1153,1500,250,1,,0,0,1,,0.25,,375,1,0,0,1.5625
1154,1500,300,1,,0,0,1,,0.3,,450.00003,1,0,0,1.8750001
1155,1500,480,1,,0,0,1,,0.48,,720,1,0,0,3
1156,1500,300,0,,0,0,1,,0.3,,450.00003,1,0,0,1.8750001
1157,1500,400,0,,0,0,1,,0.4,,600,1,0,0,2.5
1158,1500,400,1,,0,0,1,,0.4,,600,1,0,0,2.5
1159,1500,425,1,,0,0,1,,0.425,,637.5,1,0,0,2.65625
1160,1500,500,1,,0,0,1,,0.5,,750,1,0,0,3.125
1161,1500,440,1,,0,0,1,,0.44,,660,1,0,0,2.75
1162,1500,500,1,,0,0,1,,0.5,,750,1,0,0,3.125
1163,1500,500,1,,0,0,1,,0.5,,750,1,0,0,3.125
1164,1500,730,1,,0,0,1,,0.73,,1095,1,0,0,4.5625
1165,1500,400,1,,0,0,1,,0.4,,600,1,0,0,2.5
1166,1500,400,1,,0,0,1,,0.4,,600,1,0,0,2.5
1167,1500,500,1,,0,0,1,,0.5,,750,1,0,0,3.125
1168,1500,500,1,,0,0,1,,0.5,,750,1,0,0,3.125
1169,1500,360,1,,0,0,1,,0.36,,540,1,0,0,2.25
1170,1500,400,1,,0,0,1,,0.4,,600,1,0,0,2.5
1171,1500,200,1,,0,0,1,,0.2,,300,1,0,0,1.25
1172,1500,220,0,,0,0,1,,0.22,,330,1,0,0,1.375
1173,1500,500,1,,0,0,1,,0.5,,750,1,0,0,3.125
1174,1500,300,1,,0,0,1,,0.3,,450.00003,1,0,0,1.8750001
1175,1500,400,1,,0,0,1,,0.4,,600,1,0,0,2.5
1176,1500,400,1,,0,0,1,,0.4,,600,1,0,0,2.5
1177,1500,500,1,,0,0,1,,0.5,,750,1,0,0,3.125
1178,1500,200,0,,0,0,1,,0.2,,300,1,0,0,1.25
1179,1500,200,0,,0,0,1,,0.2,,300,1,0,0,1.25
1180,1500,480,1,,0,0,1,,0.48,,720,1,0,0,3
1181,1500,400,1,,0,0,1,,0.4,,600,1,0,0,2.5
1182,1500,400,1,,0,0,1,,0.4,,600,1,0,0,2.5
1183,1500,410,1,,0,0,1,,0.41,,615,1,0,0,2.5625
1184,1500,435,1,,0,0,1,,0.435,,652.5,1,0,0,2.71875
1185,1500,500,1,,0,0,1,,0.5,,750,1,0,0,3.125
1186,1500,440,1,,0,0,1,,0.44,,660,1,0,0,2.75
1187,1500,500,1,,0,0,1,,0.5,,750,1,0,0,3.125
1188,1500,500,1,,0,0,1,,0.5,,750,1,0,0,3.125
1189,1500,730,1,,0,0,1,,0.73,,1095,1,0,0,4.5625
1190,1500,370,1,,0,0,1,,0.37,,555,1,0,0,2.3125
1191,1500,340,1,,0,0,1,,0.34,,510,1,0,0,2.125
1192,1500,500,1,,0,0,1,,0.5,,750,1,0,0,3.125
1193,1500,500,1,,0,0,1,,0.5,,750,1,0,0,3.125
1194,1500,350,1,,0,0,1,,0.35,,525,1,0,0,2.1875
1195,1500,400,1,,0,0,1,,0.4,,600,1,0,0,2.5
1196,1500,200,0,,0,0,1,,0.2,,300,1,0,0,1.25
1197,1500,490,1,,0,0,1,,0.49,,735,1,0,0,3.0625
1198,1500,500,1,,0,0,1,,0.5,,750,1,0,0,3.125
1199,1500,260,1,,0,0,1,,0.26,,390,1,0,0,1.625
1200,1500,400,1,,0,0,1,,0.4,,600,1,0,0,2.5
1201,1500,400,1,,0,0,1,,0.4,,600,1,0,0,2.5
1202,1500,500,1,,0,0,1,,0.5,,750,1,0,0,3.125
1203,1500,500,1,,0,0,1,,0.5,,750,1,0,0,3.125
1204,1500,400,1,,0,0,1,,0.4,,600,1,0,0,2.5
1205,1500,470,1,,0,0,1,,0.47,,705,1,0,0,2.9375
1206,1500,400,1,,0,0,1,,0.4,,600,1,0,0,2.5
1207,1500,400,0,,0,0,1,,0.4,,600,1,0,0,2.5
1208,1500,400,1,,0,0,1,,0.4,,600,1,0,0,2.5
1209,1500,440,1,,0,0,1,,0.44,,660,1,0,0,2.75
1210,1500,500,1,,0,0,1,,0.5,,750,1,0,0,3.125
1211,1500,430,1,,0,0,1,,0.43,,645,1,0,0,2.6875
1212,1500,500,1,,0,0,1,,0.5,,750,1,0,0,3.125
1213,1500,500,1,,0,0,1,,0.5,,750,1,0,0,3.125
1214,1500,800,1,,0,0,1,,0.8,,1200,1,0,0,5
1215,1500,370,1,,0,0,1,,0.37,,555,1,0,0,2.3125
1216,1500,340,1,,0,0,1,,0.34,,510,1,0,0,2.125
1217,1500,500,1,,0,0,1,,0.5,,750,1,0,0,3.125
1218,1500,500,1,,0,0,1,,0.5,,750,1,0,0,3.125
1219,1500,340,0,,0,0,1,,0.34,,510,1,0,0,2.125
1220,1500,400,1,,0,0,1,,0.4,,600,1,0,0,2.5
1221,1500,200,1,,0,0,1,,0.2,,300,1,0,0,1.25
1222,1500,505,1,,0,0,1,,0.505,,757.5,1,0,0,3.15625
1223,1500,500,1,,0,0,1,,0.5,,750,1,0,0,3.125
1224,1500,220,1,,0,0,1,,0.22,,330,1,0,0,1.375
1225,1500,400,1,,0,0,1,,0.4,,600,1,0,0,2.5
1226,1500,400,1,,0,0,1,,0.4,,600,1,0,0,2.5
1227,1500,500,0,,0,0,1,,0.5,,750,1,0,0,3.125
1228,1500,330,1,,0,0,1,,0.33,,495.00003,1,0,0,2.0625002
1229,1500,400,1,,0,0,1,,0.4,,600,1,0,0,2.5
1230,1500,400,1,,0,0,1,,0.4,,600,1,0,0,2.5
1231,1500,400,1,,0,0,1,,0.4,,600,1,0,0,2.5
1232,1500,400,1,,0,0,1,,0.4,,600,1,0,0,2.5
1233,1500,380,1,,0,0,1,,0.38,,570,1,0,0,2.375
1234,1500,440,1,,0,0,1,,0.44,,660,1,0,0,2.75
1235,1500,500,1,,0,0,1,,0.5,,750,1,0,0,3.125
1236,1500,440,1,,0,0,1,,0.44,,660,1,0,0,2.75
1237,1500,500,1,,0,0,1,,0.5,,750,1,0,0,3.125
1238,1500,500,1,,0,0,1,,0.5,,750,1,0,0,3.125
1239,1500,500,1,,0,0,1,,0.5,,750,1,0,0,3.125
1240,1500,370,1,,0,0,1,,0.37,,555,1,0,0,2.3125
1241,1500,340,1,,0,0,1,,0.34,,510,1,0,0,2.125
1242,1500,500,1,,0,0,1,,0.5,,750,1,0,0,3.125
1243,1500,500,1,,0,0,1,,0.5,,750,1,0,0,3.125
1244,1500,340,1,,0,0,1,,0.34,,510,1,0,0,2.125
1245,1500,400,1,,0,0,1,,0.4,,600,1,0,0,2.5
1246,1500,200,1,,0,0,1,,0.2,,300,1,0,0,1.25
1247,1500,360,1,,0,0,1,,0.36,,540,1,0,0,2.25
1248,1500,500,1,,0,0,1,,0.5,,750,1,0,0,3.125
1249,1500,170,0,,0,0,1,,0.17,,255,1,0,0,1.0625
1250,1500,340,1,,0,0,1,,0.34,,510,1,0,0,2.125
1251,1500,400,1,,0,0,1,,0.4,,600,1,0,0,2.5
1252,1500,500,1,,0,0,1,,0.5,,750,1,0,0,3.125
1253,1500,330,1,,0,0,1,,0.33,,495.00003,1,0,0,2.0625002
1254,1500,400,1,,0,0,1,,0.4,,600,1,0,0,2.5
1255,1500,400,1,,0,0,1,,0.4,,600,1,0,0,2.5
1256,1500,400,1,,0,0,1,,0.4,,600,1,0,0,2.5
1257,1500,400,1,,0,0,1,,0.4,,600,1,0,0,2.5
1258,1500,400,1,,0,0,1,,0.4,,600,1,0,0,2.5
1259,1500,440,1,,0,0,1,,0.44,,660,1,0,0,2.75
1260,1500,500,1,,0,0,1,,0.5,,750,1,0,0,3.125
1261,1500,430,1,,0,0,1,,0.43,,645,1,0,0,2.6875
1262,1500,500,1,,0,0,1,,0.5,,750,1,0,0,3.125
1263,1500,500,1,,0,0,1,,0.5,,750,1,0,0,3.125
1264,1500,665,1,,0,0,1,,0.665,,997.50006,1,0,0,4.1562505
1265,1500,335,1,,0,0,1,,0.335,,502.5,1,0,0,2.09375
1266,1500,330,1,,0,0,1,,0.33,,495.00003,1,0,0,2.0625002
1267,1500,500,1,,0,0,1,,0.5,,750,1,0,0,3.125
1268,1500,500,1,,0,0,1,,0.5,,750,1,0,0,3.125
1269,1500,350,1,,0,0,1,,0.35,,525,1,0,0,2.1875
1270,1500,400,1,,0,0,1,,0.4,,600,1,0,0,2.5
1271,1500,400,1,,0,0,1,,0.4,,600,1,0,0,2.5
1272,1500,600,1,,0,0,1,,0.6,,900.00006,1,0,0,3.7500002
1273,1500,500,0,,0,0,1,,0.5,,750,1,0,0,3.125
1274,1500,200,0,,0,0,1,,0.2,,300,1,0,0,1.25
1275,1500,340,1,,0,0,1,,0.34,,510,1,0,0,2.125
1276,1500,500,1,,0,0,1,,0.5,,750,1,0,0,3.125
1277,1500,500,1,,0,0,1,,0.5,,750,1,0,0,3.125
1278,5000,0,0,,,,,,0,,,0,1,0,0
1279,5000,500,0,,,,,,0.1,,,0,1,0,0.1875
1280,5000,1000,0,,,,,,0.2,,,0,1,0,0.375
1281,5000,2000,1,,,,,,0.4,,,0,1,0,0.75
1282,5000,2000,1,,,,,,0.4,,,0,1,0,0.75
1283,5000,2000,1,,,,,,0.4,,,0,1,0,0.75
1284,5000,2000,0,,,,,,0.4,,,0,1,0,0.75
1285,5000,2000,1,,,,,,0.4,,,0,1,0,0.75
1286,5000,2000,0,,,,,,0.4,,,0,1,0,0.75
1287,5000,2000,1,,,,,,0.4,,,0,1,0,0.75
1288,5000,2000,1,,,,,,0.4,,,0,1,0,0.75
1289,5000,2200,1,,,,,,0.44,,,0,1,0,0.825
1290,5000,2400,1,,,,,,0.48,,,0,1,0,0.9
1291,5000,2400,1,,,,,,0.48,,,0,1,0,0.9
1292,5000,2500,1,,,,,,0.5,,,0,1,0,0.9375
1293,5000,2500,0,,,,,,0.5,,,0,1,0,0.9375
1294,5000,2500,1,,,,,,0.5,,,0,1,0,0.9375
1295,5000,2500,1,,,,,,0.5,,,0,1,0,0.9375
1296,5000,2500,1,,,,,,0.5,,,0,1,0,0.9375
1297,5000,2750,1,,,,,,0.55,,,0,1,0,1.03125
1298,5000,3000,1,,,,,,0.6,,,0,1,0,1.125
1299,5000,3500,1,,,,,,0.7,,,0,1,0,1.3125
1300,5000,3800,1,,,,,,0.76,,,0,1,0,1.425
1301,5000,4000,1,,,,,,0.8,,,0,1,0,1.5
1302,5000,4000,1,,,,,,0.8,,,0,1,0,1.5
1303,5000,4200,1,,,,,,0.84,,,0,1,0,1.575
1304,5000,0,0,,,,,,0,,,0,1,0,0
1305,5000,0,0,,,,,,0,,,0,1,0,0
1306,5000,0,0,,,,,,0,,,0,1,0,0
1307,5000,1000,0,,,,,,0.2,,,0,1,0,0.375
1308,5000,1000,0,,,,,,0.2,,,0,1,0,0.375
1309,5000,1200,0,,,,,,0.24,,,0,1,0,0.45
1310,5000,1500,0,,,,,,0.3,,,0,1,0,0.5625
1311,5000,1500,0,,,,,,0.3,,,0,1,0,0.5625
1312,5000,2000,1,,,,,,0.4,,,0,1,0,0.75
1313,5000,2000,1,,,,,,0.4,,,0,1,0,0.75
1314,5000,2000,1,,,,,,0.4,,,0,1,0,0.75
1315,5000,2000,1,,,,,,0.4,,,0,1,0,0.75
1316,5000,2250,1,,,,,,0.45,,,0,1,0,0.84375
1317,5000,2400,1,,,,,,0.48,,,0,1,0,0.9
1318,5000,2500,1,,,,,,0.5,,,0,1,0,0.9375
1319,5000,2500,1,,,,,,0.5,,,0,1,0,0.9375
1320,5000,2500,1,,,,,,0.5,,,0,1,0,0.9375
1321,5000,2500,1,,,,,,0.5,,,0,1,0,0.9375
1322,5000,2500,1,,,,,,0.5,,,0,1,0,0.9375
1323,5000,2500,1,,,,,,0.5,,,0,1,0,0.9375
1324,5000,2500,1,,,,,,0.5,,,0,1,0,0.9375
1325,5000,2500,1,,,,,,0.5,,,0,1,0,0.9375
1326,5000,2500,1,,,,,,0.5,,,0,1,0,0.9375
1327,5000,3000,1,,,,,,0.6,,,0,1,0,1.125
1328,5000,3000,1,,,,,,0.6,,,0,1,0,1.125
1329,5000,4000,1,,,,,,0.8,,,0,1,0,1.5
1330,5000,1000,0,,,,,,0.2,,,0,1,0,0.375
1331,5000,1000,0,,,,,,0.2,,,0,1,0,0.375
1332,5000,1000,1,,,,,,0.2,,,0,1,0,0.375
1333,5000,1000,0,,,,,,0.2,,,0,1,0,0.375
1334,5000,1500,1,,,,,,0.3,,,0,1,0,0.5625
1335,5000,1500,1,,,,,,0.3,,,0,1,0,0.5625
1336,5000,1500,0,,,,,,0.3,,,0,1,0,0.5625
1337,5000,2000,1,,,,,,0.4,,,0,1,0,0.75
1338,5000,2000,1,,,,,,0.4,,,0,1,0,0.75
1339,5000,2000,0,,,,,,0.4,,,0,1,0,0.75
1340,5000,2000,1,,,,,,0.4,,,0,1,0,0.75
1341,5000,2000,1,,,,,,0.4,,,0,1,0,0.75
1342,5000,2000,1,,,,,,0.4,,,0,1,0,0.75
1343,5000,2000,1,,,,,,0.4,,,0,1,0,0.75
1344,5000,2000,1,,,,,,0.4,,,0,1,0,0.75
1345,5000,2500,1,,,,,,0.5,,,0,1,0,0.9375
1346,5000,2500,1,,,,,,0.5,,,0,1,0,0.9375
1347,5000,2500,1,,,,,,0.5,,,0,1,0,0.9375
1348,5000,2500,1,,,,,,0.5,,,0,1,0,0.9375
1349,5000,2500,1,,,,,,0.5,,,0,1,0,0.9375
1350,5000,2500,1,,,,,,0.5,,,0,1,0,0.9375
1351,5000,2500,1,,,,,,0.5,,,0,1,0,0.9375
1352,5000,2500,1,,,,,,0.5,,,0,1,0,0.9375
1353,5000,2500,1,,,,,,0.5,,,0,1,0,0.9375
1354,5000,2500,1,,,,,,0.5,,,0,1,0,0.9375
1355,5000,2500,1,,,,,,0.5,,,0,1,0,0.9375
1356,5000,2500,1,,,,,,0.5,,,0,1,0,0.9375
1357,5000,2500,1,,,,,,0.5,,,0,1,0,0.9375
1358,5000,2500,1,,,,,,0.5,,,0,1,0,0.9375
1359,5000,2500,1,,,,,,0.5,,,0,1,0,0.9375
1360,5000,3000,1,,,,,,0.6,,,0,1,0,1.125
1361,5000,3000,1,,,,,,0.6,,,0,1,0,1.125
1362,5000,3500,1,,,,,,0.7,,,0,1,0,1.3125
1363,5000,4000,1,,,,,,0.8,,,0,1,0,1.5
1364,40000,10000,1,,,,,,0.25,,,0,1,0,3.75
1365,40000,10000,0,,,,,,0.25,,,0,1,0,3.75
1366,40000,10000,1,,,,,,0.25,,,0,1,0,3.75
1367,40000,10000,1,,,,,,0.25,,,0,1,0,3.75
1368,40000,12000,0,,,,,,0.3,,,0,1,0,4.5
1369,40000,15000,1,,,,,,0.375,,,0,1,0,5.625
1370,40000,15000,0,,,,,,0.375,,,0,1,0,5.625
1371,40000,15000,1,,,,,,0.375,,,0,1,0,5.625
1372,40000,15000,1,,,,,,0.375,,,0,1,0,5.625
1373,40000,15000,1,,,,,,0.375,,,0,1,0,5.625
1374,40000,15000,1,,,,,,0.375,,,0,1,0,5.625
1375,40000,17500,1,,,,,,0.4375,,,0,1,0,6.5625
1376,40000,18000,1,,,,,,0.45,,,0,1,0,6.75
1377,40000,19000,1,,,,,,0.475,,,0,1,0,7.125
1378,40000,20000,1,,,,,,0.5,,,0,1,0,7.5
1379,40000,20000,1,,,,,,0.5,,,0,1,0,7.5
1380,40000,20000,1,,,,,,0.5,,,0,1,0,7.5
1381,40000,20000,1,,,,,,0.5,,,0,1,0,7.5
1382,40000,20000,1,,,,,,0.5,,,0,1,0,7.5
1383,40000,20000,1,,,,,,0.5,,,0,1,0,7.5
1384,40000,20000,1,,,,,,0.5,,,0,1,0,7.5
1385,40000,20000,1,,,,,,0.5,,,0,1,0,7.5
1386,40000,20000,1,,,,,,0.5,,,0,1,0,7.5
1387,40000,20000,1,,,,,,0.5,,,0,1,0,7.5
1388,40000,20000,1,,,,,,0.5,,,0,1,0,7.5
1389,40000,20000,1,,,,,,0.5,,,0,1,0,7.5
1390,40000,20000,1,,,,,,0.5,,,0,1,0,7.5
1391,40000,20000,1,,,,,,0.5,,,0,1,0,7.5
1392,40000,20000,1,,,,,,0.5,,,0,1,0,7.5
1393,40000,20000,1,,,,,,0.5,,,0,1,0,7.5
1394,40000,20000,1,,,,,,0.5,,,0,1,0,7.5
1395,40000,20000,1,,,,,,0.5,,,0,1,0,7.5
1396,40000,20000,1,,,,,,0.5,,,0,1,0,7.5
1397,40000,30000,1,,,,,,0.75,,,0,1,0,11.25
1398,5000,500,1,,,,,,0.1,,,0,1,0,0.1875
1399,5000,1000,0,,,,,,0.2,,,0,1,0,0.375
1400,5000,1000,1,,,,,,0.2,,,0,1,0,0.375
1401,5000,1000,0,,,,,,0.2,,,0,1,0,0.375
1402,5000,1000,0,,,,,,0.2,,,0,1,0,0.375
1403,5000,1000,1,,,,,,0.2,,,0,1,0,0.375
1404,5000,1500,1,,,,,,0.3,,,0,1,0,0.5625
1405,5000,1500,1,,,,,,0.3,,,0,1,0,0.5625
1406,5000,1800,1,,,,,,0.36,,,0,1,0,0.675
1407,5000,2000,1,,,,,,0.4,,,0,1,0,0.75
1408,5000,2000,1,,,,,,0.4,,,0,1,0,0.75
1409,5000,2000,0,,,,,,0.4,,,0,1,0,0.75
1410,5000,2000,0,,,,,,0.4,,,0,1,0,0.75
1411,5000,2000,1,,,,,,0.4,,,0,1,0,0.75
1412,5000,2000,1,,,,,,0.4,,,0,1,0,0.75
1413,5000,2000,1,,,,,,0.4,,,0,1,0,0.75
1414,5000,2000,1,,,,,,0.4,,,0,1,0,0.75
1415,5000,2000,1,,,,,,0.4,,,0,1,0,0.75
1416,5000,2000,0,,,,,,0.4,,,0,1,0,0.75
1417,5000,2000,1,,,,,,0.4,,,0,1,0,0.75
1418,5000,2200,1,,,,,,0.44,,,0,1,0,0.825
1419,5000,2200,1,,,,,,0.44,,,0,1,0,0.825
1420,5000,2500,1,,,,,,0.5,,,0,1,0,0.9375
1421,5000,2500,1,,,,,,0.5,,,0,1,0,0.9375
1422,5000,2500,1,,,,,,0.5,,,0,1,0,0.9375
1423,5000,2500,1,,,,,,0.5,,,0,1,0,0.9375
1424,5000,2500,1,,,,,,0.5,,,0,1,0,0.9375
1425,5000,2500,1,,,,,,0.5,,,0,1,0,0.9375
1426,5000,3500,1,,,,,,0.7,,,0,1,0,1.3125
1427,200000,1000,0,,,,,,0.005,,,0,1,0,0.375
1428,200000,25000,0,,,,,,0.125,,,0,1,0,9.375
1429,200000,41000,0,,,,,,0.205,,,0,1,0,15.375
1430,200000,50000,1,,,,,,0.25,,,0,1,0,18.75
1431,200000,75000,1,,,,,,0.375,,,0,1,0,28.125
1432,200000,75000,1,,,,,,0.375,,,0,1,0,28.125
1433,200000,75000,1,,,,,,0.375,,,0,1,0,28.125
1434,200000,77000,1,,,,,,0.385,,,0,1,0,28.875
1435,200000,80000,1,,,,,,0.4,,,0,1,0,30
1436,200000,80000,1,,,,,,0.4,,,0,1,0,30
1437,200000,80000,1,,,,,,0.4,,,0,1,0,30
1438,200000,81000,1,,,,,,0.405,,,0,1,0,30.375
1439,200000,90000,1,,,,,,0.45,,,0,1,0,33.75
1440,200000,90000,1,,,,,,0.45,,,0,1,0,33.75
1441,200000,90000,1,,,,,,0.45,,,0,1,0,33.75
1442,200000,90000,1,,,,,,0.45,,,0,1,0,33.75
1443,200000,90000,1,,,,,,0.45,,,0,1,0,33.75
1444,200000,99000,1,,,,,,0.495,,,0,1,0,37.125
1445,200000,100000,1,,,,,,0.5,,,0,1,0,37.5
1446,200000,100000,1,,,,,,0.5,,,0,1,0,37.5
1447,200000,100000,1,,,,,,0.5,,,0,1,0,37.5
1448,200000,100000,1,,,,,,0.5,,,0,1,0,37.5
1449,200000,100000,1,,,,,,0.5,,,0,1,0,37.5
1450,200000,100000,1,,,,,,0.5,,,0,1,0,37.5
1451,200000,100000,1,,,,,,0.5,,,0,1,0,37.5
1452,200000,100000,1,,,,,,0.5,,,0,1,0,37.5
1453,200000,100000,1,,,,,,0.5,,,0,1,0,37.5
1454,200000,100000,1,,,,,,0.5,,,0,1,0,37.5
1455,200000,100000,1,,,,,,0.5,,,0,1,0,37.5